[["cpu",{"animations":"{\"expanded\":true,\"subfolders\":[]}"}],["ATX_Case",{"animations":"{\"expanded\":true,\"subfolders\":[]}"}],["cpu_cooler",{}],["Grafica",{"animations":"{\"expanded\":true,\"subfolders\":[]}"}],["Placa_base",{}],["psu",{}],["ram",{}],["Mouse",{}],["paper1074131_",{"animations":"{\"expanded\":true,\"subfolders\":[]}"}],["Texto1",{}],["EntradaDeTextoPB",{}],["Sprite",{"animations":"{\"expanded\":true,\"subfolders\":[]}"}],["Flechas",{"animations":"{\"expanded\":true,\"subfolders\":[]}"}],["FlechaRam",{"animations":"{\"expanded\":true,\"subfolders\":[]}"}],["FlechaGrafica",{}],["FlechaDisipador",{}],["FlechaAlimentacion",{}],["FlechaPlacaBase",{}],["FlechaProdcesador",{}],["ObjetoVacioPB",{"animations":"{\"expanded\":true,\"subfolders\":[]}"}],["EntradaDeTextoGrafica",{}],["EntradaDeTextoRam",{}],["EntradaDeTextoDisipador",{}],["EntradaDeTextoFuenteDeAlimentación",{}],["EntradaDeTextoProcesador",{}],["ObjetoVacioGrafica",{"animations":"{\"expanded\":true,\"subfolders\":[]}"}],["ObjetoVacioFuenteA",{"animations":"{\"expanded\":true,\"subfolders\":[]}"}],["ObjetoVacioRam",{"animations":"{\"expanded\":true,\"subfolders\":[]}"}],["ObjetoVacioProcDisi",{"animations":"{\"expanded\":true,\"subfolders\":[]}"}],["Sprite2",{"animations":"{\"expanded\":true,\"subfolders\":[]}"}],["FondoEnMosaico",{}],["BarraDeProgreso",{}],["Texto2",{}],["BotonInicio",{"animations":"{\"expanded\":true,\"subfolders\":[]}"}],["Puntos",{}],["BotonReinicio",{"animations":"{\"expanded\":true,\"subfolders\":[]}"}]]