{"propertiesBar":{"properties":[{"name":"Acerca de","expanded":true,"children":[]},{"name":"Colores","expanded":true,"children":[]},{"name":"Inicio","expanded":true,"children":[]},{"name":"Pantalla","expanded":true,"children":[{"name":"Tamaño de área visible","expanded":false,"children":[]}]},{"name":"Avanzado","expanded":false,"children":[]},{"name":"Editor","expanded":true,"children":[]}],"scrollPosition":0},"openTabs":{"active":{"name":"Escena 1","type":"layout"},"open":[{"name":"MenuInicio","type":"layout"},{"name":"Escena 1","type":"layout"},{"name":"MenuFin","type":"layout"},{"name":"Hoja de eventos 2","type":"eventSheet"},{"name":"Hoja de eventos 1","type":"eventSheet"}]},"previewEffects":true,"pauseOnUnfocus":false,"projectBar":{"name":"<root>","children":[{"name":"Fernandez_Diaz_Dolores-Entrega3","expanded":true,"children":[{"name":"Escenas","expanded":true,"children":[{"name":"Escena 1","expanded":true,"children":[]},{"name":"MenuInicio","expanded":true,"children":[]},{"name":"MenuFin","expanded":true,"children":[]}]},{"name":"Hojas de eventos","expanded":true,"children":[{"name":"Hoja de eventos 1","expanded":true,"children":[]},{"name":"Hoja de eventos 2","expanded":true,"children":[]}]},{"name":"Scripts","expanded":true,"children":[]},{"name":"Tipos de objetos","expanded":true,"children":[{"name":"ATX_Case","expanded":true,"children":[]},{"name":"BarraDeProgreso","expanded":true,"children":[]},{"name":"BotonInicio","expanded":true,"children":[]},{"name":"BotonReinicio","expanded":true,"children":[]},{"name":"cpu","expanded":true,"children":[]},{"name":"cpu_cooler","expanded":true,"children":[]},{"name":"EntradaDeTextoDisipador","expanded":true,"children":[]},{"name":"EntradaDeTextoFuenteDeAlimentación","expanded":true,"children":[]},{"name":"EntradaDeTextoGrafica","expanded":true,"children":[]},{"name":"EntradaDeTextoPB","expanded":true,"children":[]},{"name":"EntradaDeTextoProcesador","expanded":true,"children":[]},{"name":"EntradaDeTextoRam","expanded":true,"children":[]},{"name":"FlechaAlimentacion","expanded":true,"children":[]},{"name":"FlechaDisipador","expanded":true,"children":[]},{"name":"FlechaGrafica","expanded":true,"children":[]},{"name":"FlechaPlacaBase","expanded":true,"children":[]},{"name":"FlechaProdcesador","expanded":true,"children":[]},{"name":"FlechaRam","expanded":true,"children":[]},{"name":"Flechas","expanded":true,"children":[]},{"name":"FondoEnMosaico","expanded":true,"children":[]},{"name":"Grafica","expanded":true,"children":[]},{"name":"Mouse","expanded":true,"children":[]},{"name":"ObjetoVacioFuenteA","expanded":true,"children":[]},{"name":"ObjetoVacioGrafica","expanded":true,"children":[]},{"name":"ObjetoVacioPB","expanded":true,"children":[]},{"name":"ObjetoVacioProcDisi","expanded":true,"children":[]},{"name":"ObjetoVacioRam","expanded":true,"children":[]},{"name":"paper1074131_","expanded":true,"children":[]},{"name":"Placa_base","expanded":true,"children":[]},{"name":"psu","expanded":true,"children":[]},{"name":"Puntos","expanded":true,"children":[]},{"name":"ram","expanded":true,"children":[]},{"name":"Sprite","expanded":true,"children":[]},{"name":"Sprite2","expanded":true,"children":[]},{"name":"Texto1","expanded":true,"children":[]},{"name":"Texto2","expanded":true,"children":[]}]},{"name":"Familias","expanded":true,"children":[]},{"name":"Líneas de tiempo","expanded":true,"children":[{"name":"Eases (Aceleraciones)","expanded":false,"children":[]},{"name":"Línea de tiempo 1","expanded":true,"children":[]}]},{"name":"Diagramas de flujo","expanded":true,"children":[{"name":"Diagrama de flujo 1","expanded":true,"children":[]}]},{"name":"Sonidos","expanded":true,"children":[]},{"name":"Música","expanded":true,"children":[]},{"name":"Vídeos","expanded":true,"children":[]},{"name":"Fuentes","expanded":true,"children":[]},{"name":"Iconos y capturas de pantalla","expanded":false,"children":[{"name":"icono-128.png","expanded":true,"children":[]},{"name":"icono-16.png","expanded":true,"children":[]},{"name":"icono-256.png","expanded":true,"children":[]},{"name":"icono-32.png","expanded":true,"children":[]},{"name":"icono-512.png","expanded":true,"children":[]},{"name":"icono-64.png","expanded":true,"children":[]},{"name":"logo-carga.png","expanded":true,"children":[]}]},{"name":"Archivos","expanded":true,"children":[]}]}]},"propertiesBarActiveObject":{"name":"instances","type":"array"}}