{"propertiesBar":{"properties":[{"name":"Escena","expanded":true,"children":[{"name":"Tamaño","expanded":true,"children":[]},{"name":"Punto de fuga","expanded":false,"children":[]}]},{"name":"Efectos","expanded":true,"children":[]},{"name":"Editor","expanded":true,"children":[{"name":"Márgenes","expanded":false,"children":[]},{"name":"Tamaño de cuadrícula","expanded":false,"children":[]},{"name":"Ajuste de la cuadrícula","expanded":false,"children":[]}]}],"scrollPosition":0},"layersBar":{"name":"<root>","children":[{"name":"Capa 1","expanded":true,"children":[]},{"name":"Capa 0","expanded":true,"children":[]}]},"grid":{"show":false,"snap":false,"width":32,"height":32,"offsetX":0,"offsetY":0},"marginWidth":1000,"marginHeight":1000,"showCollisionPolygons":false,"showMeshes":false,"showTranslucentInactiveLayers":false,"showSceneGraphConnections":true,"tabColor":[0.9999999999999999,0.95,0.8000000000000002,1],"tabTextColor":null,"layers":[{"name":"Capa 0","propertiesBar":{"properties":[{"name":"Propiedades de capa","expanded":true,"children":[]},{"name":"Desplazamiento y zoom","expanded":true,"children":[{"name":"Paralaje","expanded":false,"children":[]}]},{"name":"Apariencia","expanded":true,"children":[]},{"name":"Efectos","expanded":true,"children":[]},{"name":"Editor","expanded":true,"children":[]}],"scrollPosition":0},"visibleInEditor":true,"locked":true,"parallaxInEditor":false,"opacity":1,"translucent":false},{"name":"Capa 1","propertiesBar":{"properties":[{"name":"Propiedades de capa","expanded":true,"children":[]},{"name":"Desplazamiento y zoom","expanded":true,"children":[{"name":"Paralaje","expanded":false,"children":[]}]},{"name":"Apariencia","expanded":true,"children":[]},{"name":"Efectos","expanded":true,"children":[]},{"name":"Editor","expanded":true,"children":[]}],"scrollPosition":0},"visibleInEditor":true,"locked":false,"parallaxInEditor":false,"opacity":1,"translucent":false}],"instancesRoot":{"expanded":true,"subfolders":[],"misc":{"global":true,"layout":[]}},"view":{"x":460.3305785123964,"y":216.52892561983435,"z":82.64462809917354,"activeLayer":"Capa 0"},"selectedInstances":[30],"lockedInstances":[],"instanceCollections":[{"uids":[2,3,4,5,6,7,8],"properties":{"properties":[{"name":"Propiedades del tipo de objeto","expanded":true,"children":[]},{"name":"Común","expanded":true,"children":[{"name":"Posición","expanded":false,"children":[]},{"name":"Tamaño","expanded":false,"children":[]}]},{"name":"Efectos","expanded":true,"children":[]},{"name":"Propiedades","expanded":true,"children":[]},{"name":"Editor","expanded":true,"children":[]}],"scrollPosition":0}},{"uids":[2,3,4,5,6,7,9],"properties":{"properties":[{"name":"Propiedades del tipo de objeto","expanded":true,"children":[]},{"name":"Común","expanded":true,"children":[{"name":"Posición","expanded":false,"children":[]},{"name":"Tamaño","expanded":false,"children":[]}]},{"name":"Efectos","expanded":true,"children":[]},{"name":"Propiedades","expanded":true,"children":[]},{"name":"Editor","expanded":true,"children":[]}],"scrollPosition":0}},{"uids":[3,7],"properties":{"properties":[{"name":"Propiedades del tipo de objeto","expanded":true,"children":[]},{"name":"Común","expanded":true,"children":[{"name":"Posición","expanded":false,"children":[]},{"name":"Tamaño","expanded":false,"children":[]}]},{"name":"Efectos","expanded":true,"children":[]},{"name":"Propiedades","expanded":true,"children":[]},{"name":"Editor","expanded":true,"children":[]}],"scrollPosition":0}},{"uids":[3,5],"properties":{"properties":[{"name":"Propiedades del tipo de objeto","expanded":true,"children":[]},{"name":"Común","expanded":true,"children":[{"name":"Posición","expanded":false,"children":[]},{"name":"Tamaño","expanded":false,"children":[]}]},{"name":"Efectos","expanded":true,"children":[]},{"name":"Propiedades","expanded":true,"children":[]},{"name":"Editor","expanded":true,"children":[]}],"scrollPosition":0}},{"uids":[5,12],"properties":{"properties":[{"name":"Propiedades del tipo de objeto","expanded":true,"children":[]},{"name":"Común","expanded":true,"children":[{"name":"Posición","expanded":false,"children":[]},{"name":"Tamaño","expanded":false,"children":[]}]},{"name":"Variables de instancia","expanded":true,"children":[]},{"name":"Comportamientos","expanded":true,"children":[]},{"name":"Efectos","expanded":true,"children":[]},{"name":"Contenedor","expanded":true,"children":[]},{"name":"Plantilla","expanded":true,"children":[]},{"name":"Propiedades","expanded":true,"children":[]},{"name":"Accesibilidad","expanded":true,"children":[]},{"name":"Editor","expanded":true,"children":[]}],"scrollPosition":400}},{"uids":[16,17],"properties":{"properties":[{"name":"Propiedades del tipo de objeto","expanded":true,"children":[]},{"name":"Común","expanded":true,"children":[{"name":"Posición","expanded":false,"children":[]},{"name":"Tamaño","expanded":false,"children":[]}]},{"name":"Variables de instancia","expanded":true,"children":[]},{"name":"Comportamientos","expanded":true,"children":[]},{"name":"Contenedor","expanded":true,"children":[]},{"name":"Plantilla","expanded":true,"children":[]},{"name":"Propiedades","expanded":true,"children":[]},{"name":"Editor","expanded":true,"children":[]}],"scrollPosition":0}},{"uids":[14,18],"properties":{"properties":[{"name":"Propiedades del tipo de objeto","expanded":true,"children":[]},{"name":"Común","expanded":true,"children":[{"name":"Posición","expanded":false,"children":[]},{"name":"Tamaño","expanded":false,"children":[]}]},{"name":"Variables de instancia","expanded":true,"children":[]},{"name":"Comportamientos","expanded":true,"children":[]},{"name":"Contenedor","expanded":true,"children":[]},{"name":"Plantilla","expanded":true,"children":[]},{"name":"Propiedades","expanded":true,"children":[]},{"name":"Editor","expanded":true,"children":[]}],"scrollPosition":265}},{"uids":[6,11],"properties":{"properties":[{"name":"Propiedades del tipo de objeto","expanded":true,"children":[]},{"name":"Común","expanded":true,"children":[{"name":"Posición","expanded":false,"children":[]},{"name":"Tamaño","expanded":false,"children":[]}]},{"name":"Efectos","expanded":true,"children":[]},{"name":"Propiedades","expanded":true,"children":[]},{"name":"Editor","expanded":true,"children":[]}],"scrollPosition":0}},{"uids":[3,4,6,7],"properties":{"properties":[{"name":"Propiedades del tipo de objeto","expanded":true,"children":[]},{"name":"Común","expanded":true,"children":[{"name":"Posición","expanded":false,"children":[]},{"name":"Tamaño","expanded":false,"children":[]}]},{"name":"Efectos","expanded":true,"children":[]},{"name":"Propiedades","expanded":true,"children":[]},{"name":"Editor","expanded":true,"children":[]}],"scrollPosition":0}},{"uids":[15,16,17,18],"properties":{"properties":[{"name":"Propiedades del tipo de objeto","expanded":true,"children":[]},{"name":"Común","expanded":true,"children":[{"name":"Posición","expanded":false,"children":[]},{"name":"Tamaño","expanded":false,"children":[]}]},{"name":"Variables de instancia","expanded":true,"children":[]},{"name":"Comportamientos","expanded":true,"children":[]},{"name":"Contenedor","expanded":true,"children":[]},{"name":"Plantilla","expanded":true,"children":[]},{"name":"Propiedades","expanded":true,"children":[]},{"name":"Editor","expanded":true,"children":[]}],"scrollPosition":0}},{"uids":[14,16,17,18],"properties":{"properties":[{"name":"Propiedades del tipo de objeto","expanded":true,"children":[]},{"name":"Común","expanded":true,"children":[{"name":"Posición","expanded":false,"children":[]},{"name":"Tamaño","expanded":false,"children":[]}]},{"name":"Variables de instancia","expanded":true,"children":[]},{"name":"Comportamientos","expanded":true,"children":[]},{"name":"Contenedor","expanded":true,"children":[]},{"name":"Plantilla","expanded":true,"children":[]},{"name":"Propiedades","expanded":true,"children":[]},{"name":"Editor","expanded":true,"children":[]}],"scrollPosition":265}},{"uids":[4,6,9,11],"properties":{"properties":[{"name":"Propiedades del tipo de objeto","expanded":true,"children":[]},{"name":"Común","expanded":true,"children":[{"name":"Posición","expanded":false,"children":[]},{"name":"Tamaño","expanded":false,"children":[]}]},{"name":"Efectos","expanded":true,"children":[]},{"name":"Propiedades","expanded":true,"children":[]},{"name":"Editor","expanded":true,"children":[]}],"scrollPosition":0}},{"uids":[2,3,4,6,7],"properties":{"properties":[{"name":"Propiedades del tipo de objeto","expanded":true,"children":[]},{"name":"Común","expanded":true,"children":[{"name":"Posición","expanded":false,"children":[]},{"name":"Tamaño","expanded":false,"children":[]}]},{"name":"Efectos","expanded":true,"children":[]},{"name":"Propiedades","expanded":true,"children":[]},{"name":"Editor","expanded":true,"children":[]}],"scrollPosition":0}},{"uids":[14,15,16,17,18],"properties":{"properties":[{"name":"Propiedades del tipo de objeto","expanded":true,"children":[]},{"name":"Común","expanded":true,"children":[{"name":"Posición","expanded":false,"children":[]},{"name":"Tamaño","expanded":false,"children":[]}]},{"name":"Variables de instancia","expanded":true,"children":[]},{"name":"Comportamientos","expanded":true,"children":[]},{"name":"Contenedor","expanded":true,"children":[]},{"name":"Plantilla","expanded":true,"children":[]},{"name":"Propiedades","expanded":true,"children":[]},{"name":"Editor","expanded":true,"children":[]}],"scrollPosition":0}},{"uids":[4,6,7,9,11],"properties":{"properties":[{"name":"Propiedades del tipo de objeto","expanded":true,"children":[]},{"name":"Común","expanded":true,"children":[{"name":"Posición","expanded":false,"children":[]},{"name":"Tamaño","expanded":false,"children":[]}]},{"name":"Efectos","expanded":true,"children":[]},{"name":"Propiedades","expanded":true,"children":[]},{"name":"Editor","expanded":true,"children":[]}],"scrollPosition":0}},{"uids":[2,4,6,7,9,11],"properties":{"properties":[{"name":"Propiedades del tipo de objeto","expanded":true,"children":[]},{"name":"Común","expanded":true,"children":[{"name":"Posición","expanded":false,"children":[]},{"name":"Tamaño","expanded":false,"children":[]}]},{"name":"Efectos","expanded":true,"children":[]},{"name":"Propiedades","expanded":true,"children":[]},{"name":"Editor","expanded":true,"children":[]}],"scrollPosition":0}},{"uids":[3,4,7],"properties":{"properties":[{"name":"Propiedades del tipo de objeto","expanded":true,"children":[]},{"name":"Común","expanded":true,"children":[{"name":"Posición","expanded":false,"children":[]},{"name":"Tamaño","expanded":false,"children":[]}]},{"name":"Efectos","expanded":true,"children":[]},{"name":"Propiedades","expanded":true,"children":[]},{"name":"Editor","expanded":true,"children":[]}],"scrollPosition":0}},{"uids":[15,16,17],"properties":{"properties":[{"name":"Propiedades del tipo de objeto","expanded":true,"children":[]},{"name":"Común","expanded":true,"children":[{"name":"Posición","expanded":false,"children":[]},{"name":"Tamaño","expanded":false,"children":[]}]},{"name":"Variables de instancia","expanded":true,"children":[]},{"name":"Comportamientos","expanded":true,"children":[]},{"name":"Contenedor","expanded":true,"children":[]},{"name":"Plantilla","expanded":true,"children":[]},{"name":"Propiedades","expanded":true,"children":[]},{"name":"Editor","expanded":true,"children":[]}],"scrollPosition":0}},{"uids":[14,17,18],"properties":{"properties":[{"name":"Propiedades del tipo de objeto","expanded":true,"children":[]},{"name":"Común","expanded":true,"children":[{"name":"Posición","expanded":false,"children":[]},{"name":"Tamaño","expanded":false,"children":[]}]},{"name":"Variables de instancia","expanded":true,"children":[]},{"name":"Comportamientos","expanded":true,"children":[]},{"name":"Contenedor","expanded":true,"children":[]},{"name":"Plantilla","expanded":true,"children":[]},{"name":"Propiedades","expanded":true,"children":[]},{"name":"Editor","expanded":true,"children":[]}],"scrollPosition":265}},{"uids":[6,9,11],"properties":{"properties":[{"name":"Propiedades del tipo de objeto","expanded":true,"children":[]},{"name":"Común","expanded":true,"children":[{"name":"Posición","expanded":false,"children":[]},{"name":"Tamaño","expanded":false,"children":[]}]},{"name":"Efectos","expanded":true,"children":[]},{"name":"Propiedades","expanded":true,"children":[]},{"name":"Editor","expanded":true,"children":[]}],"scrollPosition":0}},{"uids":[5,12,30],"properties":{"properties":[{"name":"Propiedades del tipo de objeto","expanded":true,"children":[]},{"name":"Común","expanded":true,"children":[{"name":"Posición","expanded":false,"children":[]},{"name":"Tamaño","expanded":false,"children":[]}]},{"name":"Variables de instancia","expanded":true,"children":[]},{"name":"Comportamientos","expanded":true,"children":[]},{"name":"Efectos","expanded":true,"children":[]},{"name":"Contenedor","expanded":true,"children":[]},{"name":"Plantilla","expanded":true,"children":[]},{"name":"Propiedades","expanded":true,"children":[]},{"name":"Accesibilidad","expanded":true,"children":[]},{"name":"Editor","expanded":true,"children":[]}],"scrollPosition":0}},{"uids":[19],"properties":{"properties":[{"name":"Propiedades del tipo de objeto","expanded":true,"children":[]},{"name":"Común","expanded":true,"children":[{"name":"Posición","expanded":false,"children":[]},{"name":"Tamaño","expanded":false,"children":[]}]},{"name":"Variables de instancia","expanded":true,"children":[]},{"name":"Comportamientos","expanded":true,"children":[]},{"name":"Efectos","expanded":true,"children":[]},{"name":"Contenedor","expanded":true,"children":[]},{"name":"Plantilla","expanded":true,"children":[]},{"name":"Propiedades","expanded":true,"children":[]},{"name":"Editor","expanded":true,"children":[]}],"scrollPosition":0}},{"uids":[20],"properties":{"properties":[{"name":"Propiedades del tipo de objeto","expanded":true,"children":[]},{"name":"Común","expanded":true,"children":[{"name":"Posición","expanded":false,"children":[]},{"name":"Tamaño","expanded":false,"children":[]}]},{"name":"Variables de instancia","expanded":true,"children":[]},{"name":"Comportamientos","expanded":true,"children":[]},{"name":"Efectos","expanded":true,"children":[]},{"name":"Contenedor","expanded":true,"children":[]},{"name":"Plantilla","expanded":true,"children":[]},{"name":"Propiedades","expanded":true,"children":[]},{"name":"Editor","expanded":true,"children":[]}],"scrollPosition":0}},{"uids":[21],"properties":{"properties":[{"name":"Propiedades del tipo de objeto","expanded":true,"children":[]},{"name":"Común","expanded":true,"children":[{"name":"Posición","expanded":false,"children":[]},{"name":"Tamaño","expanded":false,"children":[]}]},{"name":"Variables de instancia","expanded":true,"children":[]},{"name":"Comportamientos","expanded":true,"children":[]},{"name":"Efectos","expanded":true,"children":[]},{"name":"Contenedor","expanded":true,"children":[]},{"name":"Plantilla","expanded":true,"children":[]},{"name":"Propiedades","expanded":true,"children":[]},{"name":"Editor","expanded":true,"children":[]}],"scrollPosition":0}},{"uids":[22],"properties":{"properties":[{"name":"Propiedades del tipo de objeto","expanded":true,"children":[]},{"name":"Común","expanded":true,"children":[{"name":"Posición","expanded":false,"children":[]},{"name":"Tamaño","expanded":false,"children":[]}]},{"name":"Variables de instancia","expanded":true,"children":[]},{"name":"Comportamientos","expanded":true,"children":[]},{"name":"Efectos","expanded":true,"children":[]},{"name":"Contenedor","expanded":true,"children":[]},{"name":"Plantilla","expanded":true,"children":[]},{"name":"Propiedades","expanded":true,"children":[]},{"name":"Editor","expanded":true,"children":[]}],"scrollPosition":0}},{"uids":[24],"properties":{"properties":[{"name":"Propiedades del tipo de objeto","expanded":true,"children":[]},{"name":"Común","expanded":true,"children":[{"name":"Posición","expanded":false,"children":[]},{"name":"Tamaño","expanded":false,"children":[]}]},{"name":"Variables de instancia","expanded":true,"children":[]},{"name":"Comportamientos","expanded":true,"children":[]},{"name":"Efectos","expanded":true,"children":[]},{"name":"Contenedor","expanded":true,"children":[]},{"name":"Plantilla","expanded":true,"children":[]},{"name":"Propiedades","expanded":true,"children":[]},{"name":"Editor","expanded":true,"children":[]}],"scrollPosition":0}},{"uids":[23],"properties":{"properties":[{"name":"Propiedades del tipo de objeto","expanded":true,"children":[]},{"name":"Común","expanded":true,"children":[{"name":"Posición","expanded":false,"children":[]},{"name":"Tamaño","expanded":false,"children":[]}]},{"name":"Variables de instancia","expanded":true,"children":[]},{"name":"Comportamientos","expanded":true,"children":[]},{"name":"Efectos","expanded":true,"children":[]},{"name":"Contenedor","expanded":true,"children":[]},{"name":"Plantilla","expanded":true,"children":[]},{"name":"Propiedades","expanded":true,"children":[]},{"name":"Editor","expanded":true,"children":[]}],"scrollPosition":0}},{"uids":[14],"properties":{"properties":[{"name":"Propiedades del tipo de objeto","expanded":true,"children":[]},{"name":"Común","expanded":true,"children":[{"name":"Posición","expanded":false,"children":[]},{"name":"Tamaño","expanded":false,"children":[]}]},{"name":"Variables de instancia","expanded":true,"children":[]},{"name":"Comportamientos","expanded":true,"children":[]},{"name":"Contenedor","expanded":true,"children":[]},{"name":"Plantilla","expanded":true,"children":[]},{"name":"Propiedades","expanded":true,"children":[]},{"name":"Editor","expanded":true,"children":[]}],"scrollPosition":300}},{"uids":[18],"properties":{"properties":[{"name":"Propiedades del tipo de objeto","expanded":true,"children":[]},{"name":"Común","expanded":true,"children":[{"name":"Posición","expanded":false,"children":[]},{"name":"Tamaño","expanded":false,"children":[]}]},{"name":"Variables de instancia","expanded":true,"children":[]},{"name":"Comportamientos","expanded":true,"children":[]},{"name":"Contenedor","expanded":true,"children":[]},{"name":"Plantilla","expanded":true,"children":[]},{"name":"Propiedades","expanded":true,"children":[]},{"name":"Editor","expanded":true,"children":[]}],"scrollPosition":300}},{"uids":[17],"properties":{"properties":[{"name":"Propiedades del tipo de objeto","expanded":true,"children":[]},{"name":"Común","expanded":true,"children":[{"name":"Posición","expanded":false,"children":[]},{"name":"Tamaño","expanded":false,"children":[]}]},{"name":"Variables de instancia","expanded":true,"children":[]},{"name":"Comportamientos","expanded":true,"children":[]},{"name":"Contenedor","expanded":true,"children":[]},{"name":"Plantilla","expanded":true,"children":[]},{"name":"Propiedades","expanded":true,"children":[]},{"name":"Editor","expanded":true,"children":[]}],"scrollPosition":0}},{"uids":[16],"properties":{"properties":[{"name":"Propiedades del tipo de objeto","expanded":true,"children":[]},{"name":"Común","expanded":true,"children":[{"name":"Posición","expanded":false,"children":[]},{"name":"Tamaño","expanded":false,"children":[]}]},{"name":"Variables de instancia","expanded":true,"children":[]},{"name":"Comportamientos","expanded":true,"children":[]},{"name":"Contenedor","expanded":true,"children":[]},{"name":"Plantilla","expanded":true,"children":[]},{"name":"Propiedades","expanded":true,"children":[]},{"name":"Editor","expanded":true,"children":[]}],"scrollPosition":300}},{"uids":[3],"properties":{"properties":[{"name":"Propiedades del tipo de objeto","expanded":true,"children":[]},{"name":"Común","expanded":true,"children":[{"name":"Posición","expanded":false,"children":[]},{"name":"Tamaño","expanded":false,"children":[]}]},{"name":"Variables de instancia","expanded":true,"children":[]},{"name":"Comportamientos","expanded":true,"children":[]},{"name":"Efectos","expanded":true,"children":[]},{"name":"Contenedor","expanded":true,"children":[]},{"name":"Plantilla","expanded":true,"children":[]},{"name":"Propiedades","expanded":true,"children":[]},{"name":"Editor","expanded":true,"children":[]}],"scrollPosition":0}},{"uids":[15],"properties":{"properties":[{"name":"Propiedades del tipo de objeto","expanded":true,"children":[]},{"name":"Común","expanded":true,"children":[{"name":"Posición","expanded":false,"children":[]},{"name":"Tamaño","expanded":false,"children":[]}]},{"name":"Variables de instancia","expanded":true,"children":[]},{"name":"Comportamientos","expanded":true,"children":[]},{"name":"Contenedor","expanded":true,"children":[]},{"name":"Plantilla","expanded":true,"children":[]},{"name":"Propiedades","expanded":true,"children":[]},{"name":"Editor","expanded":true,"children":[]}],"scrollPosition":0}},{"uids":[11],"properties":{"properties":[{"name":"Propiedades del tipo de objeto","expanded":true,"children":[]},{"name":"Común","expanded":true,"children":[{"name":"Posición","expanded":false,"children":[]},{"name":"Tamaño","expanded":false,"children":[]}]},{"name":"Variables de instancia","expanded":true,"children":[]},{"name":"Comportamientos","expanded":true,"children":[{"name":"ArrastrarYSoltar","expanded":true,"children":[]},{"name":"Pegado","expanded":true,"children":[]}]},{"name":"Efectos","expanded":true,"children":[]},{"name":"Contenedor","expanded":true,"children":[]},{"name":"Plantilla","expanded":true,"children":[]},{"name":"Propiedades","expanded":true,"children":[]},{"name":"Editor","expanded":true,"children":[]}],"scrollPosition":0}},{"uids":[13],"properties":{"properties":[{"name":"Propiedades del tipo de objeto","expanded":true,"children":[]},{"name":"Común","expanded":true,"children":[{"name":"Posición","expanded":false,"children":[]},{"name":"Tamaño","expanded":false,"children":[]}]},{"name":"Variables de instancia","expanded":true,"children":[]},{"name":"Comportamientos","expanded":true,"children":[]},{"name":"Contenedor","expanded":true,"children":[]},{"name":"Plantilla","expanded":true,"children":[]},{"name":"Propiedades","expanded":true,"children":[]},{"name":"Editor","expanded":true,"children":[]}],"scrollPosition":331}},{"uids":[6],"properties":{"properties":[{"name":"Propiedades del tipo de objeto","expanded":true,"children":[]},{"name":"Común","expanded":true,"children":[{"name":"Posición","expanded":false,"children":[]},{"name":"Tamaño","expanded":false,"children":[]}]},{"name":"Variables de instancia","expanded":true,"children":[]},{"name":"Comportamientos","expanded":true,"children":[{"name":"ArrastrarYSoltar","expanded":true,"children":[]},{"name":"Pegado","expanded":true,"children":[]}]},{"name":"Efectos","expanded":true,"children":[]},{"name":"Contenedor","expanded":true,"children":[]},{"name":"Plantilla","expanded":true,"children":[]},{"name":"Propiedades","expanded":true,"children":[]},{"name":"Editor","expanded":true,"children":[]}],"scrollPosition":0}},{"uids":[26],"properties":{"properties":[{"name":"Propiedades del tipo de objeto","expanded":true,"children":[]},{"name":"Común","expanded":true,"children":[{"name":"Posición","expanded":false,"children":[]},{"name":"Tamaño","expanded":false,"children":[]}]},{"name":"Variables de instancia","expanded":true,"children":[]},{"name":"Comportamientos","expanded":true,"children":[]},{"name":"Efectos","expanded":true,"children":[]},{"name":"Contenedor","expanded":true,"children":[]},{"name":"Plantilla","expanded":true,"children":[]},{"name":"Propiedades","expanded":true,"children":[]},{"name":"Editor","expanded":true,"children":[]}],"scrollPosition":0}},{"uids":[25],"properties":{"properties":[{"name":"Propiedades del tipo de objeto","expanded":true,"children":[]},{"name":"Común","expanded":true,"children":[{"name":"Posición","expanded":false,"children":[]},{"name":"Tamaño","expanded":false,"children":[]}]},{"name":"Variables de instancia","expanded":true,"children":[]},{"name":"Comportamientos","expanded":true,"children":[]},{"name":"Efectos","expanded":true,"children":[]},{"name":"Contenedor","expanded":true,"children":[]},{"name":"Plantilla","expanded":true,"children":[]},{"name":"Propiedades","expanded":true,"children":[]},{"name":"Editor","expanded":true,"children":[]}],"scrollPosition":398}},{"uids":[27],"properties":{"properties":[{"name":"Propiedades del tipo de objeto","expanded":true,"children":[]},{"name":"Común","expanded":true,"children":[{"name":"Posición","expanded":false,"children":[]},{"name":"Tamaño","expanded":false,"children":[]}]},{"name":"Variables de instancia","expanded":true,"children":[]},{"name":"Comportamientos","expanded":true,"children":[]},{"name":"Efectos","expanded":true,"children":[]},{"name":"Contenedor","expanded":true,"children":[]},{"name":"Plantilla","expanded":true,"children":[]},{"name":"Propiedades","expanded":true,"children":[]},{"name":"Editor","expanded":true,"children":[]}],"scrollPosition":0}},{"uids":[9],"properties":{"properties":[{"name":"Propiedades del tipo de objeto","expanded":true,"children":[]},{"name":"Común","expanded":true,"children":[{"name":"Posición","expanded":false,"children":[]},{"name":"Tamaño","expanded":false,"children":[]}]},{"name":"Variables de instancia","expanded":true,"children":[]},{"name":"Comportamientos","expanded":true,"children":[{"name":"ArrastrarYSoltar","expanded":true,"children":[]},{"name":"Pegado","expanded":true,"children":[]}]},{"name":"Efectos","expanded":true,"children":[]},{"name":"Contenedor","expanded":true,"children":[]},{"name":"Plantilla","expanded":true,"children":[]},{"name":"Propiedades","expanded":true,"children":[]},{"name":"Editor","expanded":true,"children":[]}],"scrollPosition":0}},{"uids":[28],"properties":{"properties":[{"name":"Propiedades del tipo de objeto","expanded":true,"children":[]},{"name":"Común","expanded":true,"children":[{"name":"Posición","expanded":false,"children":[]},{"name":"Tamaño","expanded":false,"children":[]}]},{"name":"Variables de instancia","expanded":true,"children":[]},{"name":"Comportamientos","expanded":true,"children":[]},{"name":"Efectos","expanded":true,"children":[]},{"name":"Contenedor","expanded":true,"children":[]},{"name":"Plantilla","expanded":true,"children":[]},{"name":"Propiedades","expanded":true,"children":[]},{"name":"Editor","expanded":true,"children":[]}],"scrollPosition":0}},{"uids":[2],"properties":{"properties":[{"name":"Propiedades del tipo de objeto","expanded":true,"children":[]},{"name":"Común","expanded":true,"children":[{"name":"Posición","expanded":false,"children":[]},{"name":"Tamaño","expanded":false,"children":[]}]},{"name":"Variables de instancia","expanded":true,"children":[]},{"name":"Comportamientos","expanded":true,"children":[{"name":"ArrastrarYSoltar","expanded":true,"children":[]},{"name":"Pegado","expanded":true,"children":[]}]},{"name":"Efectos","expanded":true,"children":[]},{"name":"Contenedor","expanded":true,"children":[]},{"name":"Plantilla","expanded":true,"children":[]},{"name":"Propiedades","expanded":true,"children":[]},{"name":"Editor","expanded":true,"children":[]}],"scrollPosition":0}},{"uids":[29],"properties":{"properties":[{"name":"Propiedades del tipo de objeto","expanded":true,"children":[]},{"name":"Común","expanded":true,"children":[{"name":"Posición","expanded":false,"children":[]},{"name":"Tamaño","expanded":false,"children":[]}]},{"name":"Variables de instancia","expanded":true,"children":[]},{"name":"Comportamientos","expanded":true,"children":[]},{"name":"Efectos","expanded":true,"children":[]},{"name":"Contenedor","expanded":true,"children":[]},{"name":"Plantilla","expanded":true,"children":[]},{"name":"Propiedades","expanded":true,"children":[]},{"name":"Editor","expanded":true,"children":[]}],"scrollPosition":0}},{"uids":[4],"properties":{"properties":[{"name":"Propiedades del tipo de objeto","expanded":true,"children":[]},{"name":"Común","expanded":true,"children":[{"name":"Posición","expanded":false,"children":[]},{"name":"Tamaño","expanded":false,"children":[]}]},{"name":"Variables de instancia","expanded":true,"children":[]},{"name":"Comportamientos","expanded":true,"children":[{"name":"ArrastrarYSoltar","expanded":true,"children":[]},{"name":"Pegado","expanded":true,"children":[]}]},{"name":"Efectos","expanded":true,"children":[]},{"name":"Contenedor","expanded":true,"children":[]},{"name":"Plantilla","expanded":true,"children":[]},{"name":"Propiedades","expanded":true,"children":[]},{"name":"Editor","expanded":true,"children":[]}],"scrollPosition":0}},{"uids":[7],"properties":{"properties":[{"name":"Propiedades del tipo de objeto","expanded":true,"children":[]},{"name":"Común","expanded":true,"children":[{"name":"Posición","expanded":false,"children":[]},{"name":"Tamaño","expanded":false,"children":[]}]},{"name":"Variables de instancia","expanded":true,"children":[]},{"name":"Comportamientos","expanded":true,"children":[{"name":"ArrastrarYSoltar","expanded":true,"children":[]},{"name":"Pegado","expanded":true,"children":[]}]},{"name":"Efectos","expanded":true,"children":[]},{"name":"Contenedor","expanded":true,"children":[]},{"name":"Plantilla","expanded":true,"children":[]},{"name":"Propiedades","expanded":true,"children":[]},{"name":"Editor","expanded":true,"children":[]}],"scrollPosition":0}},{"uids":[5],"properties":{"properties":[{"name":"Propiedades del tipo de objeto","expanded":true,"children":[]},{"name":"Común","expanded":true,"children":[{"name":"Posición","expanded":false,"children":[]},{"name":"Tamaño","expanded":false,"children":[]}]},{"name":"Variables de instancia","expanded":true,"children":[]},{"name":"Comportamientos","expanded":true,"children":[]},{"name":"Efectos","expanded":true,"children":[]},{"name":"Contenedor","expanded":true,"children":[]},{"name":"Plantilla","expanded":true,"children":[]},{"name":"Propiedades","expanded":true,"children":[]},{"name":"Accesibilidad","expanded":true,"children":[]},{"name":"Editor","expanded":true,"children":[]}],"scrollPosition":0}},{"uids":[12],"properties":{"properties":[{"name":"Propiedades del tipo de objeto","expanded":true,"children":[]},{"name":"Común","expanded":true,"children":[{"name":"Posición","expanded":false,"children":[]},{"name":"Tamaño","expanded":false,"children":[]}]},{"name":"Variables de instancia","expanded":true,"children":[]},{"name":"Comportamientos","expanded":true,"children":[]},{"name":"Efectos","expanded":true,"children":[]},{"name":"Contenedor","expanded":true,"children":[]},{"name":"Plantilla","expanded":true,"children":[]},{"name":"Propiedades","expanded":true,"children":[]},{"name":"Accesibilidad","expanded":true,"children":[]},{"name":"Editor","expanded":true,"children":[]}],"scrollPosition":500}},{"uids":[10],"properties":{"properties":[{"name":"Propiedades del tipo de objeto","expanded":true,"children":[]},{"name":"Común","expanded":true,"children":[{"name":"Posición","expanded":false,"children":[]},{"name":"Tamaño","expanded":false,"children":[]}]},{"name":"Variables de instancia","expanded":true,"children":[]},{"name":"Comportamientos","expanded":true,"children":[]},{"name":"Efectos","expanded":true,"children":[]},{"name":"Contenedor","expanded":true,"children":[]},{"name":"Plantilla","expanded":true,"children":[]},{"name":"Propiedades","expanded":true,"children":[]},{"name":"Editor","expanded":true,"children":[]}],"scrollPosition":0}},{"uids":[30],"properties":{"properties":[{"name":"Propiedades del tipo de objeto","expanded":true,"children":[]},{"name":"Común","expanded":true,"children":[{"name":"Posición","expanded":false,"children":[]},{"name":"Tamaño","expanded":false,"children":[]}]},{"name":"Variables de instancia","expanded":true,"children":[]},{"name":"Comportamientos","expanded":true,"children":[]},{"name":"Efectos","expanded":true,"children":[]},{"name":"Contenedor","expanded":true,"children":[]},{"name":"Plantilla","expanded":true,"children":[]},{"name":"Propiedades","expanded":true,"children":[]},{"name":"Accesibilidad","expanded":true,"children":[]},{"name":"Editor","expanded":true,"children":[]}],"scrollPosition":0}}]}