{
	"name": "Escena 1",
	"layers": [
		{
			"name": "Capa 0",
			"overriden": 0,
			"subLayers": [],
			"instances": [
				{
					"type": "paper1074131_",
					"properties": {
						"initially-visible": true,
						"initial-animation": "Default",
						"initial-frame": 0,
						"enable-collisions": true,
						"live-preview": false
					},
					"uid": 10,
					"sid": 515517681952360,
					"tags": "",
					"instanceVariables": {},
					"behaviors": {},
					"instanceFolderItem": {
						"sid": 515517681952360,
						"expanded": true
					},
					"showing": true,
					"locked": false,
					"world": {
						"x": 428.44136551786096,
						"y": 239.94817535148172,
						"width": 865.1125000000001,
						"height": 490.7136563876652,
						"originX": 0.5,
						"originY": 0.5,
						"color": [
							1,
							1,
							1,
							1
						],
						"angle": 0,
						"zElevation": 0
					}
				},
				{
					"type": "FlechaGrafica",
					"properties": {
						"initially-visible": true,
						"initial-animation": "Default",
						"initial-frame": 0,
						"enable-collisions": true,
						"live-preview": false
					},
					"uid": 19,
					"sid": 342580353708979,
					"tags": "",
					"instanceVariables": {},
					"behaviors": {},
					"instanceFolderItem": {
						"sid": 342580353708979,
						"expanded": true
					},
					"showing": true,
					"locked": false,
					"world": {
						"x": 442.5101465441169,
						"y": 378.459244847483,
						"width": 55.90762071347828,
						"height": 81.41547266400272,
						"originX": 0.5,
						"originY": 0.5,
						"color": [
							1,
							1,
							1,
							1
						],
						"angle": 0.6424980582559376,
						"zElevation": 0
					}
				},
				{
					"type": "FlechaRam",
					"properties": {
						"initially-visible": true,
						"initial-animation": "Default",
						"initial-frame": 0,
						"enable-collisions": true,
						"live-preview": false
					},
					"uid": 20,
					"sid": 358471604525354,
					"tags": "",
					"instanceVariables": {},
					"behaviors": {},
					"instanceFolderItem": {
						"sid": 358471604525354,
						"expanded": true
					},
					"showing": true,
					"locked": false,
					"world": {
						"x": 649.6477843361173,
						"y": 443.5785828070446,
						"width": 91.68087320418894,
						"height": 62.58677137195552,
						"originX": 0.5,
						"originY": 0.5,
						"color": [
							1,
							1,
							1,
							1
						],
						"angle": 0,
						"zElevation": 0
					}
				},
				{
					"type": "FlechaDisipador",
					"properties": {
						"initially-visible": true,
						"initial-animation": "Default",
						"initial-frame": 0,
						"enable-collisions": true,
						"live-preview": false
					},
					"uid": 21,
					"sid": 522457224016109,
					"tags": "",
					"instanceVariables": {},
					"behaviors": {},
					"instanceFolderItem": {
						"sid": 522457224016109,
						"expanded": true
					},
					"showing": true,
					"locked": false,
					"world": {
						"x": 821.4525014483073,
						"y": 309.45466051687777,
						"width": 45.34054903790895,
						"height": 57.95044375308002,
						"originX": 0.5,
						"originY": 0.5,
						"color": [
							1,
							1,
							1,
							1
						],
						"angle": 0,
						"zElevation": 0
					}
				},
				{
					"type": "FlechaAlimentacion",
					"properties": {
						"initially-visible": true,
						"initial-animation": "Default",
						"initial-frame": 0,
						"enable-collisions": true,
						"live-preview": false
					},
					"uid": 22,
					"sid": 499295003653262,
					"tags": "",
					"instanceVariables": {},
					"behaviors": {},
					"instanceFolderItem": {
						"sid": 499295003653262,
						"expanded": true
					},
					"showing": true,
					"locked": false,
					"world": {
						"x": 817.6919656001849,
						"y": 223.7080186553196,
						"width": 60.31690405178553,
						"height": 60.65767752100465,
						"originX": 0.5,
						"originY": 0.5,
						"color": [
							1,
							1,
							1,
							1
						],
						"angle": 6.1746331400424195,
						"zElevation": 0
					}
				},
				{
					"type": "FlechaProdcesador",
					"properties": {
						"initially-visible": true,
						"initial-animation": "Default",
						"initial-frame": 0,
						"enable-collisions": true,
						"live-preview": false
					},
					"uid": 24,
					"sid": 837664526726622,
					"tags": "",
					"instanceVariables": {},
					"behaviors": {},
					"instanceFolderItem": {
						"sid": 837664526726622,
						"expanded": true
					},
					"showing": true,
					"locked": false,
					"world": {
						"x": 699.4530900700238,
						"y": 103.38246721023333,
						"width": 85.92860485082082,
						"height": 54.2590417228121,
						"originX": 0.5,
						"originY": 0.5,
						"color": [
							1,
							1,
							1,
							1
						],
						"angle": 0.28301519740551767,
						"zElevation": 0
					}
				},
				{
					"type": "FlechaPlacaBase",
					"properties": {
						"initially-visible": true,
						"initial-animation": "Default",
						"initial-frame": 0,
						"enable-collisions": true,
						"live-preview": false
					},
					"uid": 23,
					"sid": 550828840778648,
					"tags": "",
					"instanceVariables": {},
					"behaviors": {},
					"instanceFolderItem": {
						"sid": 550828840778648,
						"expanded": true
					},
					"showing": true,
					"locked": false,
					"world": {
						"x": 430.0726024898674,
						"y": 306.9580064287162,
						"width": 66.76433093061772,
						"height": 44.90554642664325,
						"originX": 0.5,
						"originY": 0.5,
						"color": [
							1,
							1,
							1,
							1
						],
						"angle": 5.7061779834699395,
						"zElevation": 0
					}
				},
				{
					"type": "ATX_Case",
					"properties": {
						"initially-visible": true,
						"initial-animation": "Default",
						"initial-frame": 0,
						"enable-collisions": true,
						"live-preview": false
					},
					"uid": 3,
					"sid": 539293518333585,
					"tags": "",
					"instanceVariables": {},
					"behaviors": {},
					"instanceFolderItem": {
						"sid": 539293518333585,
						"expanded": true
					},
					"showing": true,
					"locked": false,
					"world": {
						"x": 212.14423481957328,
						"y": 250.55879776913264,
						"width": 494.501704247836,
						"height": 494.501704247836,
						"originX": 0.5,
						"originY": 0.5,
						"color": [
							1,
							1,
							1,
							1
						],
						"angle": 0,
						"zElevation": 0
					}
				}
			],
			"sid": 377536023587855,
			"effectTypes": [],
			"isInitiallyVisible": true,
			"isInitiallyInteractive": true,
			"isHTMLElementsLayer": false,
			"color": [
				1,
				1,
				1,
				1
			],
			"backgroundColor": [
				0.7294117647058823,
				0.6588235294117647,
				0.7607843137254902,
				1
			],
			"isTransparent": false,
			"parallaxX": 1,
			"parallaxY": 1,
			"scaleRate": 1,
			"forceOwnTexture": true,
			"renderingMode": "3d",
			"drawOrder": "z-order",
			"useRenderCells": false,
			"blendMode": "normal",
			"zElevation": 0,
			"global": false
		},
		{
			"name": "Capa 1",
			"overriden": 0,
			"subLayers": [],
			"instances": [
				{
					"type": "EntradaDeTextoGrafica",
					"properties": {
						"text": "",
						"placeholder": "",
						"tooltip": "",
						"initially-visible": true,
						"enabled": true,
						"read-only": false,
						"spell-check": false,
						"type": "text",
						"auto-font-size": true,
						"id": "",
						"class": ""
					},
					"uid": 14,
					"sid": 237290146585306,
					"tags": "",
					"instanceVariables": {},
					"behaviors": {},
					"instanceFolderItem": {
						"sid": 237290146585306,
						"expanded": true
					},
					"showing": true,
					"locked": false,
					"world": {
						"x": 456.04677324416866,
						"y": 408.5268376305263,
						"width": 150,
						"height": 22,
						"originX": 0,
						"originY": 0,
						"color": [
							1,
							1,
							1,
							1
						]
					}
				},
				{
					"type": "EntradaDeTextoRam",
					"properties": {
						"text": "",
						"placeholder": "",
						"tooltip": "",
						"initially-visible": true,
						"enabled": true,
						"read-only": false,
						"spell-check": false,
						"type": "text",
						"auto-font-size": true,
						"id": "",
						"class": ""
					},
					"uid": 18,
					"sid": 677707178615230,
					"tags": "",
					"instanceVariables": {},
					"behaviors": {},
					"instanceFolderItem": {
						"sid": 677707178615230,
						"expanded": true
					},
					"showing": true,
					"locked": false,
					"world": {
						"x": 670.1715545539655,
						"y": 390.311325061778,
						"width": 150,
						"height": 22,
						"originX": 0,
						"originY": 0,
						"color": [
							1,
							1,
							1,
							1
						]
					}
				},
				{
					"type": "EntradaDeTextoPB",
					"properties": {
						"text": "",
						"placeholder": "",
						"tooltip": "",
						"initially-visible": true,
						"enabled": true,
						"read-only": false,
						"spell-check": false,
						"type": "text",
						"auto-font-size": true,
						"id": "",
						"class": ""
					},
					"uid": 13,
					"sid": 720573969776092,
					"tags": "",
					"instanceVariables": {},
					"behaviors": {},
					"instanceFolderItem": {
						"sid": 720573969776092,
						"expanded": true
					},
					"showing": true,
					"locked": false,
					"world": {
						"x": 452.77022071673196,
						"y": 309.15478198693245,
						"width": 150,
						"height": 22,
						"originX": 0,
						"originY": 0,
						"color": [
							1,
							1,
							1,
							1
						]
					}
				},
				{
					"type": "EntradaDeTextoDisipador",
					"properties": {
						"text": "",
						"placeholder": "",
						"tooltip": "",
						"initially-visible": true,
						"enabled": true,
						"read-only": false,
						"spell-check": false,
						"type": "text",
						"auto-font-size": true,
						"id": "",
						"class": ""
					},
					"uid": 17,
					"sid": 929451647396416,
					"tags": "",
					"instanceVariables": {},
					"behaviors": {},
					"instanceFolderItem": {
						"sid": 929451647396416,
						"expanded": true
					},
					"showing": true,
					"locked": false,
					"world": {
						"x": 637.8650637425308,
						"y": 276.11146548849405,
						"width": 150,
						"height": 22,
						"originX": 0,
						"originY": 0,
						"color": [
							1,
							1,
							1,
							1
						]
					}
				},
				{
					"type": "EntradaDeTextoFuenteDeAlimentación",
					"properties": {
						"text": "",
						"placeholder": "",
						"tooltip": "",
						"initially-visible": true,
						"enabled": true,
						"read-only": false,
						"spell-check": false,
						"type": "text",
						"auto-font-size": true,
						"id": "",
						"class": ""
					},
					"uid": 16,
					"sid": 663236285993211,
					"tags": "",
					"instanceVariables": {},
					"behaviors": {},
					"instanceFolderItem": {
						"sid": 663236285993211,
						"expanded": true
					},
					"showing": true,
					"locked": false,
					"world": {
						"x": 637.1137491709123,
						"y": 243.92589823022809,
						"width": 150,
						"height": 22,
						"originX": 0,
						"originY": 0,
						"color": [
							1,
							1,
							1,
							1
						]
					}
				},
				{
					"type": "EntradaDeTextoProcesador",
					"properties": {
						"text": "",
						"placeholder": "",
						"tooltip": "",
						"initially-visible": true,
						"enabled": true,
						"read-only": false,
						"spell-check": false,
						"type": "text",
						"auto-font-size": true,
						"id": "",
						"class": ""
					},
					"uid": 15,
					"sid": 920787965989707,
					"tags": "",
					"instanceVariables": {},
					"behaviors": {},
					"instanceFolderItem": {
						"sid": 920787965989707,
						"expanded": true
					},
					"showing": true,
					"locked": false,
					"world": {
						"x": 685.1979140834106,
						"y": 127.47205861218436,
						"width": 150,
						"height": 22,
						"originX": 0,
						"originY": 0,
						"color": [
							1,
							1,
							1,
							1
						]
					}
				},
				{
					"type": "Texto1",
					"properties": {
						"text": "Monta tu propio ordenador!",
						"enable-bbcode": true,
						"font": "Century Gothic",
						"size": 21,
						"line-height": 0,
						"bold": true,
						"italic": false,
						"color": [
							0.25882352941176473,
							0,
							0,
							1
						],
						"horizontal-alignment": "center",
						"vertical-alignment": "top",
						"wrapping": "word",
						"text-direction": "ltr",
						"icon-set": -1,
						"initially-visible": true,
						"origin": "top-left",
						"read-aloud": false
					},
					"uid": 5,
					"sid": 776824826544665,
					"tags": "",
					"instanceVariables": {},
					"behaviors": {},
					"instanceFolderItem": {
						"sid": 776824826544665,
						"expanded": true
					},
					"showing": true,
					"locked": false,
					"world": {
						"x": 123.64069713245661,
						"y": 9.312716223976821,
						"width": 617.2727272727279,
						"height": 38.18181818181819,
						"originX": 0,
						"originY": 0,
						"color": [
							1,
							1,
							1,
							1
						],
						"angle": 0,
						"zElevation": 0
					}
				},
				{
					"type": "Texto1",
					"properties": {
						"text": "Nombra cada componente para poder colocarlo",
						"enable-bbcode": true,
						"font": "Century Gothic",
						"size": 14,
						"line-height": 0,
						"bold": false,
						"italic": false,
						"color": [
							0.25882352941176473,
							0,
							0,
							1
						],
						"horizontal-alignment": "center",
						"vertical-alignment": "top",
						"wrapping": "word",
						"text-direction": "ltr",
						"icon-set": -1,
						"initially-visible": true,
						"origin": "top-left",
						"read-aloud": false
					},
					"uid": 12,
					"sid": 515208847324113,
					"tags": "",
					"instanceVariables": {},
					"behaviors": {},
					"instanceFolderItem": {
						"sid": 515208847324113,
						"expanded": true
					},
					"showing": true,
					"locked": false,
					"world": {
						"x": 4.549788041547373,
						"y": 42.0399889512496,
						"width": 844.5454545454555,
						"height": 38.18181818181819,
						"originX": 0,
						"originY": 0,
						"color": [
							1,
							1,
							1,
							1
						],
						"angle": 0,
						"zElevation": 0
					}
				},
				{
					"type": "ObjetoVacioPB",
					"properties": {
						"initially-visible": true,
						"initial-animation": "Animation 1",
						"initial-frame": 0,
						"enable-collisions": true,
						"live-preview": false
					},
					"uid": 25,
					"sid": 906949224512390,
					"tags": "",
					"instanceVariables": {},
					"behaviors": {},
					"instanceFolderItem": {
						"sid": 906949224512390,
						"expanded": true
					},
					"showing": true,
					"locked": false,
					"world": {
						"x": 141.62281685248072,
						"y": 202.22800330341894,
						"width": 19.346356123215543,
						"height": 19.34635612321557,
						"originX": 0.5,
						"originY": 0.5,
						"color": [
							1,
							1,
							1,
							1
						],
						"angle": 0,
						"zElevation": 0
					}
				},
				{
					"type": "ObjetoVacioGrafica",
					"properties": {
						"initially-visible": true,
						"initial-animation": "Animation 1",
						"initial-frame": 0,
						"enable-collisions": true,
						"live-preview": false
					},
					"uid": 26,
					"sid": 519521015059932,
					"tags": "",
					"instanceVariables": {},
					"behaviors": {},
					"instanceFolderItem": {
						"sid": 519521015059932,
						"expanded": true
					},
					"showing": true,
					"locked": false,
					"world": {
						"x": 127.72428613171189,
						"y": 236.03726096550938,
						"width": 119.27122464312549,
						"height": 37.37791134485349,
						"originX": 0.5,
						"originY": 0.5,
						"color": [
							1,
							1,
							1,
							1
						],
						"angle": 0,
						"zElevation": 0
					}
				},
				{
					"type": "ObjetoVacioFuenteA",
					"properties": {
						"initially-visible": true,
						"initial-animation": "Animation 1",
						"initial-frame": 0,
						"enable-collisions": true,
						"live-preview": false
					},
					"uid": 27,
					"sid": 494019022391998,
					"tags": "",
					"instanceVariables": {},
					"behaviors": {},
					"instanceFolderItem": {
						"sid": 494019022391998,
						"expanded": true
					},
					"showing": true,
					"locked": false,
					"world": {
						"x": 131.18118008700287,
						"y": 350.1748442846881,
						"width": 126.85950413223141,
						"height": 73.96694214876027,
						"originX": 0.5,
						"originY": 0.5,
						"color": [
							1,
							1,
							1,
							1
						],
						"angle": 0,
						"zElevation": 0
					}
				},
				{
					"type": "Placa_base",
					"properties": {
						"initially-visible": true,
						"initial-animation": "Default",
						"initial-frame": 0,
						"enable-collisions": true,
						"live-preview": false
					},
					"uid": 6,
					"sid": 903255230854097,
					"tags": "",
					"instanceVariables": {},
					"behaviors": {
						"ArrastrarYSoltar": {
							"properties": {
								"axes": "both",
								"enabled": false
							}
						},
						"Pegado": {
							"properties": {
								"destroy": false
							}
						}
					},
					"instanceFolderItem": {
						"sid": 903255230854097,
						"expanded": true
					},
					"showing": true,
					"locked": false,
					"world": {
						"x": 531.5117180010991,
						"y": 188.76791229311215,
						"width": 204.2806364190492,
						"height": 219.20153283743915,
						"originX": 0.5,
						"originY": 0.5,
						"color": [
							1,
							1,
							1,
							1
						],
						"angle": 0,
						"zElevation": 0
					}
				},
				{
					"type": "cpu",
					"properties": {
						"initially-visible": true,
						"initial-animation": "Default",
						"initial-frame": 0,
						"enable-collisions": true,
						"live-preview": false
					},
					"uid": 2,
					"sid": 281258761326519,
					"tags": "",
					"instanceVariables": {},
					"behaviors": {
						"ArrastrarYSoltar": {
							"properties": {
								"axes": "both",
								"enabled": false
							}
						},
						"Pegado": {
							"properties": {
								"destroy": false
							}
						}
					},
					"instanceFolderItem": {
						"sid": 281258761326519,
						"expanded": true
					},
					"showing": true,
					"locked": false,
					"world": {
						"x": 663.1073781368898,
						"y": 140.08514375143173,
						"width": 30.05315958251076,
						"height": 35.86295892901046,
						"originX": 0.5,
						"originY": 0.5,
						"color": [
							1,
							1,
							1,
							1
						],
						"angle": 0,
						"zElevation": 0
					}
				},
				{
					"type": "cpu_cooler",
					"properties": {
						"initially-visible": true,
						"initial-animation": "Default",
						"initial-frame": 0,
						"enable-collisions": true,
						"live-preview": false
					},
					"uid": 4,
					"sid": 649664486258539,
					"tags": "",
					"instanceVariables": {},
					"behaviors": {
						"ArrastrarYSoltar": {
							"properties": {
								"axes": "both",
								"enabled": false
							}
						},
						"Pegado": {
							"properties": {
								"destroy": false
							}
						}
					},
					"instanceFolderItem": {
						"sid": 649664486258539,
						"expanded": true
					},
					"showing": true,
					"locked": false,
					"world": {
						"x": 756.5912693022503,
						"y": 341.16258865896975,
						"width": 68.87177553112099,
						"height": 72.78034987633134,
						"originX": 0.5,
						"originY": 0.5,
						"color": [
							1,
							1,
							1,
							1
						],
						"angle": 0,
						"zElevation": 0
					}
				},
				{
					"type": "ram",
					"properties": {
						"initially-visible": true,
						"initial-animation": "Default",
						"initial-frame": 0,
						"enable-collisions": true,
						"live-preview": false
					},
					"uid": 9,
					"sid": 662609364992980,
					"tags": "",
					"instanceVariables": {},
					"behaviors": {
						"ArrastrarYSoltar": {
							"properties": {
								"axes": "both",
								"enabled": false
							}
						},
						"Pegado": {
							"properties": {
								"destroy": false
							}
						}
					},
					"instanceFolderItem": {
						"sid": 662609364992980,
						"expanded": true
					},
					"showing": true,
					"locked": false,
					"world": {
						"x": 640.692437298891,
						"y": 367.72042030419584,
						"width": 90.07233431381448,
						"height": 17.061778711366784,
						"originX": 0.5,
						"originY": 0.5,
						"color": [
							1,
							1,
							1,
							1
						],
						"angle": 1.5540490345733315,
						"zElevation": 0
					}
				},
				{
					"type": "Grafica",
					"properties": {
						"initially-visible": true,
						"initial-animation": "Default",
						"initial-frame": 0,
						"enable-collisions": true,
						"live-preview": false
					},
					"uid": 11,
					"sid": 143123563143268,
					"tags": "",
					"instanceVariables": {},
					"behaviors": {
						"ArrastrarYSoltar": {
							"properties": {
								"axes": "both",
								"enabled": false
							}
						},
						"Pegado": {
							"properties": {
								"destroy": false
							}
						}
					},
					"instanceFolderItem": {
						"sid": 143123563143268,
						"expanded": true
					},
					"showing": true,
					"locked": false,
					"world": {
						"x": 536.1320508867133,
						"y": 378.84564503365664,
						"width": 125.8628264466848,
						"height": 39.11731537159643,
						"originX": 0.5,
						"originY": 0.5,
						"color": [
							1,
							1,
							1,
							1
						],
						"angle": 0,
						"zElevation": 0
					}
				},
				{
					"type": "psu",
					"properties": {
						"initially-visible": true,
						"initial-animation": "Default",
						"initial-frame": 0,
						"enable-collisions": true,
						"live-preview": false
					},
					"uid": 7,
					"sid": 160497615019531,
					"tags": "",
					"instanceVariables": {},
					"behaviors": {
						"ArrastrarYSoltar": {
							"properties": {
								"axes": "both",
								"enabled": false
							}
						},
						"Pegado": {
							"properties": {
								"destroy": false
							}
						}
					},
					"instanceFolderItem": {
						"sid": 160497615019531,
						"expanded": true
					},
					"showing": true,
					"locked": false,
					"world": {
						"x": 715.1542583066575,
						"y": 211.9436976767948,
						"width": 129.34799492101706,
						"height": 80.6661131961979,
						"originX": 0.5,
						"originY": 0.5,
						"color": [
							1,
							1,
							1,
							1
						],
						"angle": 0,
						"zElevation": 0
					}
				},
				{
					"type": "ObjetoVacioRam",
					"properties": {
						"initially-visible": true,
						"initial-animation": "Animation 1",
						"initial-frame": 0,
						"enable-collisions": true,
						"live-preview": false
					},
					"uid": 28,
					"sid": 839134917465819,
					"tags": "",
					"instanceVariables": {},
					"behaviors": {},
					"instanceFolderItem": {
						"sid": 839134917465819,
						"expanded": true
					},
					"showing": true,
					"locked": false,
					"world": {
						"x": 184.89857218088184,
						"y": 158.8532093142675,
						"width": 16.115702479338665,
						"height": 76.44628099173548,
						"originX": 0.5,
						"originY": 0.5,
						"color": [
							1,
							1,
							1,
							1
						],
						"angle": 0,
						"zElevation": 0
					}
				},
				{
					"type": "ObjetoVacioProcDisi",
					"properties": {
						"initially-visible": true,
						"initial-animation": "Animation 1",
						"initial-frame": 0,
						"enable-collisions": true,
						"live-preview": false
					},
					"uid": 29,
					"sid": 595845834185063,
					"tags": "",
					"instanceVariables": {},
					"behaviors": {},
					"instanceFolderItem": {
						"sid": 595845834185063,
						"expanded": true
					},
					"showing": true,
					"locked": false,
					"world": {
						"x": 147.70832711211904,
						"y": 163.3986226231599,
						"width": 29.338842975206603,
						"height": 37.603305785123894,
						"originX": 0.5,
						"originY": 0.5,
						"color": [
							1,
							1,
							1,
							1
						],
						"angle": 0,
						"zElevation": 0
					}
				},
				{
					"type": "Puntos",
					"properties": {
						"text": "0",
						"enable-bbcode": true,
						"font": "Century Gothic",
						"size": 40,
						"line-height": 0,
						"bold": true,
						"italic": false,
						"color": [
							0,
							0,
							0,
							1
						],
						"horizontal-alignment": "left",
						"vertical-alignment": "top",
						"wrapping": "word",
						"text-direction": "ltr",
						"icon-set": -1,
						"initially-visible": true,
						"origin": "top-left",
						"read-aloud": false
					},
					"uid": 30,
					"sid": 771608322024103,
					"tags": "",
					"instanceVariables": {},
					"behaviors": {},
					"instanceFolderItem": {
						"sid": 771608322024103,
						"expanded": true
					},
					"showing": true,
					"locked": false,
					"world": {
						"x": 738.8428516230309,
						"y": 5.785356316684698,
						"width": 214.87603305785126,
						"height": 68.01652892561985,
						"originX": 0,
						"originY": 0,
						"color": [
							1,
							1,
							1,
							1
						],
						"angle": 0,
						"zElevation": 0
					}
				}
			],
			"sid": 935742427864623,
			"effectTypes": [],
			"isInitiallyVisible": true,
			"isInitiallyInteractive": true,
			"isHTMLElementsLayer": false,
			"color": [
				1,
				1,
				1,
				1
			],
			"backgroundColor": [
				0.3686274509803922,
				0.3686274509803922,
				0.3686274509803922,
				1
			],
			"isTransparent": true,
			"parallaxX": 1,
			"parallaxY": 1,
			"scaleRate": 1,
			"forceOwnTexture": false,
			"renderingMode": "3d",
			"drawOrder": "z-order",
			"useRenderCells": false,
			"blendMode": "normal",
			"zElevation": 0,
			"global": false
		}
	],
	"scene-graphs-folder-root": {
		"items": [],
		"subfolders": []
	},
	"sid": 420314498950220,
	"nonworld-instances": [],
	"effectTypes": [],
	"width": 1280,
	"height": 720,
	"unboundedScrolling": false,
	"vpX": 0.5,
	"vpY": 0.5,
	"projection": "perspective",
	"eventSheet": "Hoja de eventos 1"
}