{
	"name": "MenuInicio",
	"layers": [
		{
			"name": "Capa 0",
			"overriden": 0,
			"subLayers": [],
			"instances": [
				{
					"type": "paper1074131_",
					"properties": {
						"initially-visible": true,
						"initial-animation": "Default",
						"initial-frame": 0,
						"enable-collisions": true,
						"live-preview": false
					},
					"uid": 41,
					"sid": 700690079789953,
					"tags": "",
					"instanceVariables": {},
					"behaviors": {},
					"instanceFolderItem": {
						"sid": 700690079789953,
						"expanded": true
					},
					"showing": true,
					"locked": false,
					"world": {
						"x": 429.0925292968749,
						"y": 239.09063321893888,
						"width": 865.1125000000001,
						"height": 490.7136563876652,
						"originX": 0.5,
						"originY": 0.5,
						"color": [
							0.8117647058823529,
							0.8117647058823529,
							0.8117647058823529,
							1
						],
						"angle": 0,
						"zElevation": 0
					}
				},
				{
					"type": "FlechaGrafica",
					"properties": {
						"initially-visible": true,
						"initial-animation": "Default",
						"initial-frame": 0,
						"enable-collisions": true,
						"live-preview": false
					},
					"uid": 32,
					"sid": 352800388418153,
					"tags": "",
					"instanceVariables": {},
					"behaviors": {},
					"instanceFolderItem": {
						"sid": 352800388418153,
						"expanded": true
					},
					"showing": true,
					"locked": false,
					"world": {
						"x": 442.5101465441169,
						"y": 378.459244847483,
						"width": 55.90762071347828,
						"height": 81.41547266400272,
						"originX": 0.5,
						"originY": 0.5,
						"color": [
							1,
							1,
							1,
							1
						],
						"angle": 0.6424980582559376,
						"zElevation": 0
					}
				},
				{
					"type": "FlechaRam",
					"properties": {
						"initially-visible": true,
						"initial-animation": "Default",
						"initial-frame": 0,
						"enable-collisions": true,
						"live-preview": false
					},
					"uid": 33,
					"sid": 745670352408207,
					"tags": "",
					"instanceVariables": {},
					"behaviors": {},
					"instanceFolderItem": {
						"sid": 745670352408207,
						"expanded": true
					},
					"showing": true,
					"locked": false,
					"world": {
						"x": 649.6477843361173,
						"y": 443.5785828070446,
						"width": 91.68087320418894,
						"height": 62.58677137195552,
						"originX": 0.5,
						"originY": 0.5,
						"color": [
							1,
							1,
							1,
							1
						],
						"angle": 0,
						"zElevation": 0
					}
				},
				{
					"type": "FlechaDisipador",
					"properties": {
						"initially-visible": true,
						"initial-animation": "Default",
						"initial-frame": 0,
						"enable-collisions": true,
						"live-preview": false
					},
					"uid": 34,
					"sid": 837402416001926,
					"tags": "",
					"instanceVariables": {},
					"behaviors": {},
					"instanceFolderItem": {
						"sid": 837402416001926,
						"expanded": true
					},
					"showing": true,
					"locked": false,
					"world": {
						"x": 821.4525014483073,
						"y": 309.45466051687777,
						"width": 45.34054903790895,
						"height": 57.95044375308002,
						"originX": 0.5,
						"originY": 0.5,
						"color": [
							1,
							1,
							1,
							1
						],
						"angle": 0,
						"zElevation": 0
					}
				},
				{
					"type": "FlechaAlimentacion",
					"properties": {
						"initially-visible": true,
						"initial-animation": "Default",
						"initial-frame": 0,
						"enable-collisions": true,
						"live-preview": false
					},
					"uid": 35,
					"sid": 169284954574488,
					"tags": "",
					"instanceVariables": {},
					"behaviors": {},
					"instanceFolderItem": {
						"sid": 169284954574488,
						"expanded": true
					},
					"showing": true,
					"locked": false,
					"world": {
						"x": 817.6919656001849,
						"y": 223.7080186553196,
						"width": 60.31690405178553,
						"height": 60.65767752100465,
						"originX": 0.5,
						"originY": 0.5,
						"color": [
							1,
							1,
							1,
							1
						],
						"angle": 6.1746331400424195,
						"zElevation": 0
					}
				},
				{
					"type": "FlechaProdcesador",
					"properties": {
						"initially-visible": true,
						"initial-animation": "Default",
						"initial-frame": 0,
						"enable-collisions": true,
						"live-preview": false
					},
					"uid": 36,
					"sid": 355903716088320,
					"tags": "",
					"instanceVariables": {},
					"behaviors": {},
					"instanceFolderItem": {
						"sid": 355903716088320,
						"expanded": true
					},
					"showing": true,
					"locked": false,
					"world": {
						"x": 699.4530900700238,
						"y": 103.38246721023333,
						"width": 85.92860485082082,
						"height": 54.2590417228121,
						"originX": 0.5,
						"originY": 0.5,
						"color": [
							1,
							1,
							1,
							1
						],
						"angle": 0.28301519740551767,
						"zElevation": 0
					}
				},
				{
					"type": "FlechaPlacaBase",
					"properties": {
						"initially-visible": true,
						"initial-animation": "Default",
						"initial-frame": 0,
						"enable-collisions": true,
						"live-preview": false
					},
					"uid": 37,
					"sid": 341563843837419,
					"tags": "",
					"instanceVariables": {},
					"behaviors": {},
					"instanceFolderItem": {
						"sid": 341563843837419,
						"expanded": true
					},
					"showing": true,
					"locked": false,
					"world": {
						"x": 430.0726024898674,
						"y": 306.9580064287162,
						"width": 66.76433093061772,
						"height": 44.90554642664325,
						"originX": 0.5,
						"originY": 0.5,
						"color": [
							1,
							1,
							1,
							1
						],
						"angle": 5.7061779834699395,
						"zElevation": 0
					}
				},
				{
					"type": "ATX_Case",
					"properties": {
						"initially-visible": true,
						"initial-animation": "Default",
						"initial-frame": 0,
						"enable-collisions": true,
						"live-preview": false
					},
					"uid": 38,
					"sid": 841873029127764,
					"tags": "",
					"instanceVariables": {},
					"behaviors": {},
					"instanceFolderItem": {
						"sid": 841873029127764,
						"expanded": true
					},
					"showing": true,
					"locked": false,
					"world": {
						"x": 212.14423481957328,
						"y": 250.55879776913264,
						"width": 494.501704247836,
						"height": 494.501704247836,
						"originX": 0.5,
						"originY": 0.5,
						"color": [
							1,
							1,
							1,
							1
						],
						"angle": 0,
						"zElevation": 0
					}
				},
				{
					"type": "ObjetoVacioPB",
					"properties": {
						"initially-visible": true,
						"initial-animation": "Animation 1",
						"initial-frame": 0,
						"enable-collisions": true,
						"live-preview": false
					},
					"uid": 47,
					"sid": 810157964914497,
					"tags": "",
					"instanceVariables": {},
					"behaviors": {},
					"instanceFolderItem": {
						"sid": 810157964914497,
						"expanded": true
					},
					"showing": true,
					"locked": false,
					"world": {
						"x": 141.62281685248072,
						"y": 202.22800330341894,
						"width": 19.346356123215543,
						"height": 19.34635612321557,
						"originX": 0.5,
						"originY": 0.5,
						"color": [
							1,
							1,
							1,
							1
						],
						"angle": 0,
						"zElevation": 0
					}
				},
				{
					"type": "ObjetoVacioGrafica",
					"properties": {
						"initially-visible": true,
						"initial-animation": "Animation 1",
						"initial-frame": 0,
						"enable-collisions": true,
						"live-preview": false
					},
					"uid": 48,
					"sid": 259139379370491,
					"tags": "",
					"instanceVariables": {},
					"behaviors": {},
					"instanceFolderItem": {
						"sid": 259139379370491,
						"expanded": true
					},
					"showing": true,
					"locked": false,
					"world": {
						"x": 127.72428613171189,
						"y": 236.03726096550938,
						"width": 119.27122464312549,
						"height": 37.37791134485349,
						"originX": 0.5,
						"originY": 0.5,
						"color": [
							1,
							1,
							1,
							1
						],
						"angle": 0,
						"zElevation": 0
					}
				},
				{
					"type": "ObjetoVacioFuenteA",
					"properties": {
						"initially-visible": true,
						"initial-animation": "Animation 1",
						"initial-frame": 0,
						"enable-collisions": true,
						"live-preview": false
					},
					"uid": 49,
					"sid": 408220134494987,
					"tags": "",
					"instanceVariables": {},
					"behaviors": {},
					"instanceFolderItem": {
						"sid": 408220134494987,
						"expanded": true
					},
					"showing": true,
					"locked": false,
					"world": {
						"x": 131.18118008700287,
						"y": 350.1748442846881,
						"width": 126.85950413223141,
						"height": 73.96694214876027,
						"originX": 0.5,
						"originY": 0.5,
						"color": [
							1,
							1,
							1,
							1
						],
						"angle": 0,
						"zElevation": 0
					}
				},
				{
					"type": "Placa_base",
					"properties": {
						"initially-visible": true,
						"initial-animation": "Default",
						"initial-frame": 0,
						"enable-collisions": true,
						"live-preview": false
					},
					"uid": 50,
					"sid": 387100645388138,
					"tags": "",
					"instanceVariables": {},
					"behaviors": {
						"ArrastrarYSoltar": {
							"properties": {
								"axes": "both",
								"enabled": false
							}
						},
						"Pegado": {
							"properties": {
								"destroy": false
							}
						}
					},
					"instanceFolderItem": {
						"sid": 387100645388138,
						"expanded": true
					},
					"showing": true,
					"locked": false,
					"world": {
						"x": 531.5117180010991,
						"y": 188.76791229311215,
						"width": 204.2806364190492,
						"height": 219.20153283743915,
						"originX": 0.5,
						"originY": 0.5,
						"color": [
							1,
							1,
							1,
							1
						],
						"angle": 0,
						"zElevation": 0
					}
				},
				{
					"type": "cpu",
					"properties": {
						"initially-visible": true,
						"initial-animation": "Default",
						"initial-frame": 0,
						"enable-collisions": true,
						"live-preview": false
					},
					"uid": 51,
					"sid": 568001814992191,
					"tags": "",
					"instanceVariables": {},
					"behaviors": {
						"ArrastrarYSoltar": {
							"properties": {
								"axes": "both",
								"enabled": false
							}
						},
						"Pegado": {
							"properties": {
								"destroy": false
							}
						}
					},
					"instanceFolderItem": {
						"sid": 568001814992191,
						"expanded": true
					},
					"showing": true,
					"locked": false,
					"world": {
						"x": 663.1073781368898,
						"y": 140.08514375143173,
						"width": 30.05315958251076,
						"height": 35.86295892901046,
						"originX": 0.5,
						"originY": 0.5,
						"color": [
							1,
							1,
							1,
							1
						],
						"angle": 0,
						"zElevation": 0
					}
				},
				{
					"type": "cpu_cooler",
					"properties": {
						"initially-visible": true,
						"initial-animation": "Default",
						"initial-frame": 0,
						"enable-collisions": true,
						"live-preview": false
					},
					"uid": 52,
					"sid": 374746336202644,
					"tags": "",
					"instanceVariables": {},
					"behaviors": {
						"ArrastrarYSoltar": {
							"properties": {
								"axes": "both",
								"enabled": false
							}
						},
						"Pegado": {
							"properties": {
								"destroy": false
							}
						}
					},
					"instanceFolderItem": {
						"sid": 374746336202644,
						"expanded": true
					},
					"showing": true,
					"locked": false,
					"world": {
						"x": 756.5912693022503,
						"y": 341.16258865896975,
						"width": 68.87177553112099,
						"height": 72.78034987633134,
						"originX": 0.5,
						"originY": 0.5,
						"color": [
							1,
							1,
							1,
							1
						],
						"angle": 0,
						"zElevation": 0
					}
				},
				{
					"type": "ram",
					"properties": {
						"initially-visible": true,
						"initial-animation": "Default",
						"initial-frame": 0,
						"enable-collisions": true,
						"live-preview": false
					},
					"uid": 53,
					"sid": 231478343117108,
					"tags": "",
					"instanceVariables": {},
					"behaviors": {
						"ArrastrarYSoltar": {
							"properties": {
								"axes": "both",
								"enabled": false
							}
						},
						"Pegado": {
							"properties": {
								"destroy": false
							}
						}
					},
					"instanceFolderItem": {
						"sid": 231478343117108,
						"expanded": true
					},
					"showing": true,
					"locked": false,
					"world": {
						"x": 640.692437298891,
						"y": 367.72042030419584,
						"width": 90.07233431381448,
						"height": 17.061778711366784,
						"originX": 0.5,
						"originY": 0.5,
						"color": [
							1,
							1,
							1,
							1
						],
						"angle": 1.5540490345733315,
						"zElevation": 0
					}
				},
				{
					"type": "Grafica",
					"properties": {
						"initially-visible": true,
						"initial-animation": "Default",
						"initial-frame": 0,
						"enable-collisions": true,
						"live-preview": false
					},
					"uid": 54,
					"sid": 323297662839688,
					"tags": "",
					"instanceVariables": {},
					"behaviors": {
						"ArrastrarYSoltar": {
							"properties": {
								"axes": "both",
								"enabled": false
							}
						},
						"Pegado": {
							"properties": {
								"destroy": false
							}
						}
					},
					"instanceFolderItem": {
						"sid": 323297662839688,
						"expanded": true
					},
					"showing": true,
					"locked": false,
					"world": {
						"x": 536.1320508867133,
						"y": 378.84564503365664,
						"width": 125.8628264466848,
						"height": 39.11731537159643,
						"originX": 0.5,
						"originY": 0.5,
						"color": [
							1,
							1,
							1,
							1
						],
						"angle": 0,
						"zElevation": 0
					}
				},
				{
					"type": "psu",
					"properties": {
						"initially-visible": true,
						"initial-animation": "Default",
						"initial-frame": 0,
						"enable-collisions": true,
						"live-preview": false
					},
					"uid": 55,
					"sid": 291036586757931,
					"tags": "",
					"instanceVariables": {},
					"behaviors": {
						"ArrastrarYSoltar": {
							"properties": {
								"axes": "both",
								"enabled": false
							}
						},
						"Pegado": {
							"properties": {
								"destroy": false
							}
						}
					},
					"instanceFolderItem": {
						"sid": 291036586757931,
						"expanded": true
					},
					"showing": true,
					"locked": false,
					"world": {
						"x": 715.1542583066575,
						"y": 211.9436976767948,
						"width": 129.34799492101706,
						"height": 80.6661131961979,
						"originX": 0.5,
						"originY": 0.5,
						"color": [
							1,
							1,
							1,
							1
						],
						"angle": 0,
						"zElevation": 0
					}
				},
				{
					"type": "ObjetoVacioRam",
					"properties": {
						"initially-visible": true,
						"initial-animation": "Animation 1",
						"initial-frame": 0,
						"enable-collisions": true,
						"live-preview": false
					},
					"uid": 56,
					"sid": 401204208001293,
					"tags": "",
					"instanceVariables": {},
					"behaviors": {},
					"instanceFolderItem": {
						"sid": 401204208001293,
						"expanded": true
					},
					"showing": true,
					"locked": false,
					"world": {
						"x": 184.89857218088184,
						"y": 158.8532093142675,
						"width": 16.115702479338665,
						"height": 76.44628099173548,
						"originX": 0.5,
						"originY": 0.5,
						"color": [
							1,
							1,
							1,
							1
						],
						"angle": 0,
						"zElevation": 0
					}
				},
				{
					"type": "ObjetoVacioProcDisi",
					"properties": {
						"initially-visible": true,
						"initial-animation": "Animation 1",
						"initial-frame": 0,
						"enable-collisions": true,
						"live-preview": false
					},
					"uid": 57,
					"sid": 637545709597717,
					"tags": "",
					"instanceVariables": {},
					"behaviors": {},
					"instanceFolderItem": {
						"sid": 637545709597717,
						"expanded": true
					},
					"showing": true,
					"locked": false,
					"world": {
						"x": 147.70832711211904,
						"y": 163.3986226231599,
						"width": 29.338842975206603,
						"height": 37.603305785123894,
						"originX": 0.5,
						"originY": 0.5,
						"color": [
							1,
							1,
							1,
							1
						],
						"angle": 0,
						"zElevation": 0
					}
				}
			],
			"sid": 776544795892547,
			"effectTypes": [],
			"isInitiallyVisible": true,
			"isInitiallyInteractive": true,
			"isHTMLElementsLayer": false,
			"color": [
				1,
				1,
				1,
				1
			],
			"backgroundColor": [
				0.7294117647058823,
				0.6588235294117647,
				0.7607843137254902,
				1
			],
			"isTransparent": false,
			"parallaxX": 1,
			"parallaxY": 1,
			"scaleRate": 1,
			"forceOwnTexture": true,
			"renderingMode": "3d",
			"drawOrder": "z-order",
			"useRenderCells": false,
			"blendMode": "normal",
			"zElevation": 0,
			"global": false
		},
		{
			"name": "Capa 1",
			"overriden": 0,
			"subLayers": [],
			"instances": [
				{
					"type": "FondoEnMosaico",
					"properties": {
						"initially-visible": true,
						"origin": "top-left",
						"wrap-horizontal": "repeat",
						"wrap-vertical": "repeat",
						"image-offset-x": 0,
						"image-offset-y": 0,
						"image-scale-x": 1,
						"image-scale-y": 1,
						"image-angle": 0,
						"enable-tile-randomization": false,
						"x-random": 1,
						"y-random": 1,
						"angle-random": 1,
						"blend-margin-x": 0.1,
						"blend-margin-y": 0.1
					},
					"uid": 58,
					"sid": 165702356761288,
					"tags": "",
					"instanceVariables": {},
					"behaviors": {},
					"instanceFolderItem": {
						"sid": 165702356761288,
						"expanded": true
					},
					"showing": true,
					"locked": true,
					"world": {
						"x": -36.11620538879549,
						"y": -32.23139045652289,
						"width": 922.3388429751793,
						"height": 533.8842975206613,
						"originX": 0,
						"originY": 0,
						"color": [
							0.4823529411764706,
							0.1411764705882353,
							0.1411764705882353,
							0.7
						],
						"angle": 0,
						"zElevation": 0
					}
				},
				{
					"type": "Texto2",
					"properties": {
						"text": "Bienvenido!!",
						"enable-bbcode": true,
						"font": "Century Gothic",
						"size": 40,
						"line-height": 0,
						"bold": false,
						"italic": false,
						"color": [
							1,
							1,
							1,
							1
						],
						"horizontal-alignment": "center",
						"vertical-alignment": "center",
						"wrapping": "word",
						"text-direction": "ltr",
						"icon-set": -1,
						"initially-visible": true,
						"origin": "top-left",
						"read-aloud": false
					},
					"uid": 59,
					"sid": 289484879024386,
					"tags": "",
					"instanceVariables": {},
					"behaviors": {},
					"instanceFolderItem": {
						"sid": 289484879024386,
						"expanded": true
					},
					"showing": true,
					"locked": false,
					"world": {
						"x": -0.8280975089588196,
						"y": 41.381387253438135,
						"width": 853.7190082644631,
						"height": 85.3719008264463,
						"originX": 0,
						"originY": 0,
						"color": [
							1,
							1,
							1,
							1
						],
						"angle": 6.281386567361431,
						"zElevation": 0
					}
				},
				{
					"type": "Texto2",
					"properties": {
						"text": "Pulsa el botón para comenzar",
						"enable-bbcode": true,
						"font": "Century Gothic",
						"size": 32,
						"line-height": 0,
						"bold": false,
						"italic": false,
						"color": [
							1,
							1,
							1,
							1
						],
						"horizontal-alignment": "center",
						"vertical-alignment": "center",
						"wrapping": "word",
						"text-direction": "ltr",
						"icon-set": -1,
						"initially-visible": true,
						"origin": "top-left",
						"read-aloud": false
					},
					"uid": 45,
					"sid": 907572241767216,
					"tags": "",
					"instanceVariables": {},
					"behaviors": {},
					"instanceFolderItem": {
						"sid": 907572241767216,
						"expanded": true
					},
					"showing": true,
					"locked": false,
					"world": {
						"x": -0.0016512279671019314,
						"y": 107.497089732777,
						"width": 853.7190082644631,
						"height": 85.3719008264463,
						"originX": 0,
						"originY": 0,
						"color": [
							1,
							1,
							1,
							1
						],
						"angle": 0,
						"zElevation": 0
					}
				},
				{
					"type": "BotonInicio",
					"properties": {
						"initially-visible": true,
						"initial-animation": "Default",
						"initial-frame": 0,
						"enable-collisions": true,
						"live-preview": false
					},
					"uid": 46,
					"sid": 616407189314841,
					"tags": "",
					"instanceVariables": {},
					"behaviors": {},
					"instanceFolderItem": {
						"sid": 616407189314841,
						"expanded": true
					},
					"showing": true,
					"locked": false,
					"world": {
						"x": 397.95039153386807,
						"y": 311.57084348431096,
						"width": 375.6031951609606,
						"height": 234.9041369606786,
						"originX": 0.45171743357096567,
						"originY": 0.5036269430051813,
						"color": [
							1,
							1,
							1,
							1
						],
						"angle": 0,
						"zElevation": 0
					}
				}
			],
			"sid": 721633186112830,
			"effectTypes": [],
			"isInitiallyVisible": true,
			"isInitiallyInteractive": true,
			"isHTMLElementsLayer": false,
			"color": [
				1,
				1,
				1,
				1
			],
			"backgroundColor": [
				0.3686274509803922,
				0.3686274509803922,
				0.3686274509803922,
				1
			],
			"isTransparent": true,
			"parallaxX": 1,
			"parallaxY": 1,
			"scaleRate": 1,
			"forceOwnTexture": false,
			"renderingMode": "3d",
			"drawOrder": "z-order",
			"useRenderCells": false,
			"blendMode": "normal",
			"zElevation": 0,
			"global": false
		}
	],
	"scene-graphs-folder-root": {
		"items": [],
		"subfolders": []
	},
	"sid": 254950582258536,
	"nonworld-instances": [],
	"effectTypes": [],
	"width": 1280,
	"height": 720,
	"unboundedScrolling": false,
	"vpX": 0.5,
	"vpY": 0.5,
	"projection": "perspective",
	"eventSheet": "Hoja de eventos 2"
}