{
	"name": "MenuFin",
	"layers": [
		{
			"name": "Capa 0",
			"overriden": 0,
			"subLayers": [],
			"instances": [
				{
					"type": "paper1074131_",
					"properties": {
						"initially-visible": true,
						"initial-animation": "Default",
						"initial-frame": 0,
						"enable-collisions": true,
						"live-preview": false
					},
					"uid": 31,
					"sid": 132298301857234,
					"tags": "",
					"instanceVariables": {},
					"behaviors": {},
					"instanceFolderItem": {
						"sid": 132298301857234,
						"expanded": true
					},
					"showing": true,
					"locked": false,
					"world": {
						"x": 429.0925292968749,
						"y": 239.09063321893888,
						"width": 865.1125000000001,
						"height": 490.7136563876652,
						"originX": 0.5,
						"originY": 0.5,
						"color": [
							0.8117647058823529,
							0.8117647058823529,
							0.8117647058823529,
							1
						],
						"angle": 0,
						"zElevation": 0
					}
				},
				{
					"type": "FlechaGrafica",
					"properties": {
						"initially-visible": true,
						"initial-animation": "Default",
						"initial-frame": 0,
						"enable-collisions": true,
						"live-preview": false
					},
					"uid": 39,
					"sid": 812110074599476,
					"tags": "",
					"instanceVariables": {},
					"behaviors": {},
					"instanceFolderItem": {
						"sid": 812110074599476,
						"expanded": true
					},
					"showing": true,
					"locked": false,
					"world": {
						"x": 442.5101465441169,
						"y": 378.459244847483,
						"width": 55.90762071347828,
						"height": 81.41547266400272,
						"originX": 0.5,
						"originY": 0.5,
						"color": [
							1,
							1,
							1,
							1
						],
						"angle": 0.6424980582559376,
						"zElevation": 0
					}
				},
				{
					"type": "FlechaRam",
					"properties": {
						"initially-visible": true,
						"initial-animation": "Default",
						"initial-frame": 0,
						"enable-collisions": true,
						"live-preview": false
					},
					"uid": 40,
					"sid": 536890979583043,
					"tags": "",
					"instanceVariables": {},
					"behaviors": {},
					"instanceFolderItem": {
						"sid": 536890979583043,
						"expanded": true
					},
					"showing": true,
					"locked": false,
					"world": {
						"x": 649.6477843361173,
						"y": 443.5785828070446,
						"width": 91.68087320418894,
						"height": 62.58677137195552,
						"originX": 0.5,
						"originY": 0.5,
						"color": [
							1,
							1,
							1,
							1
						],
						"angle": 0,
						"zElevation": 0
					}
				},
				{
					"type": "FlechaDisipador",
					"properties": {
						"initially-visible": true,
						"initial-animation": "Default",
						"initial-frame": 0,
						"enable-collisions": true,
						"live-preview": false
					},
					"uid": 42,
					"sid": 578010333617852,
					"tags": "",
					"instanceVariables": {},
					"behaviors": {},
					"instanceFolderItem": {
						"sid": 578010333617852,
						"expanded": true
					},
					"showing": true,
					"locked": false,
					"world": {
						"x": 821.4525014483073,
						"y": 309.45466051687777,
						"width": 45.34054903790895,
						"height": 57.95044375308002,
						"originX": 0.5,
						"originY": 0.5,
						"color": [
							1,
							1,
							1,
							1
						],
						"angle": 0,
						"zElevation": 0
					}
				},
				{
					"type": "FlechaAlimentacion",
					"properties": {
						"initially-visible": true,
						"initial-animation": "Default",
						"initial-frame": 0,
						"enable-collisions": true,
						"live-preview": false
					},
					"uid": 43,
					"sid": 273545635283110,
					"tags": "",
					"instanceVariables": {},
					"behaviors": {},
					"instanceFolderItem": {
						"sid": 273545635283110,
						"expanded": true
					},
					"showing": true,
					"locked": false,
					"world": {
						"x": 817.6919656001849,
						"y": 223.7080186553196,
						"width": 60.31690405178553,
						"height": 60.65767752100465,
						"originX": 0.5,
						"originY": 0.5,
						"color": [
							1,
							1,
							1,
							1
						],
						"angle": 6.1746331400424195,
						"zElevation": 0
					}
				},
				{
					"type": "FlechaProdcesador",
					"properties": {
						"initially-visible": true,
						"initial-animation": "Default",
						"initial-frame": 0,
						"enable-collisions": true,
						"live-preview": false
					},
					"uid": 44,
					"sid": 792676193641990,
					"tags": "",
					"instanceVariables": {},
					"behaviors": {},
					"instanceFolderItem": {
						"sid": 792676193641990,
						"expanded": true
					},
					"showing": true,
					"locked": false,
					"world": {
						"x": 699.4530900700238,
						"y": 103.38246721023333,
						"width": 85.92860485082082,
						"height": 54.2590417228121,
						"originX": 0.5,
						"originY": 0.5,
						"color": [
							1,
							1,
							1,
							1
						],
						"angle": 0.28301519740551767,
						"zElevation": 0
					}
				},
				{
					"type": "FlechaPlacaBase",
					"properties": {
						"initially-visible": true,
						"initial-animation": "Default",
						"initial-frame": 0,
						"enable-collisions": true,
						"live-preview": false
					},
					"uid": 60,
					"sid": 525082405061381,
					"tags": "",
					"instanceVariables": {},
					"behaviors": {},
					"instanceFolderItem": {
						"sid": 525082405061381,
						"expanded": true
					},
					"showing": true,
					"locked": false,
					"world": {
						"x": 430.0726024898674,
						"y": 306.9580064287162,
						"width": 66.76433093061772,
						"height": 44.90554642664325,
						"originX": 0.5,
						"originY": 0.5,
						"color": [
							1,
							1,
							1,
							1
						],
						"angle": 5.7061779834699395,
						"zElevation": 0
					}
				},
				{
					"type": "ATX_Case",
					"properties": {
						"initially-visible": true,
						"initial-animation": "Default",
						"initial-frame": 0,
						"enable-collisions": true,
						"live-preview": false
					},
					"uid": 61,
					"sid": 248860060204647,
					"tags": "",
					"instanceVariables": {},
					"behaviors": {},
					"instanceFolderItem": {
						"sid": 248860060204647,
						"expanded": true
					},
					"showing": true,
					"locked": false,
					"world": {
						"x": 212.14423481957328,
						"y": 250.55879776913264,
						"width": 494.501704247836,
						"height": 494.501704247836,
						"originX": 0.5,
						"originY": 0.5,
						"color": [
							1,
							1,
							1,
							1
						],
						"angle": 0,
						"zElevation": 0
					}
				},
				{
					"type": "ObjetoVacioPB",
					"properties": {
						"initially-visible": true,
						"initial-animation": "Animation 1",
						"initial-frame": 0,
						"enable-collisions": true,
						"live-preview": false
					},
					"uid": 62,
					"sid": 156800632632089,
					"tags": "",
					"instanceVariables": {},
					"behaviors": {},
					"instanceFolderItem": {
						"sid": 156800632632089,
						"expanded": true
					},
					"showing": true,
					"locked": false,
					"world": {
						"x": 141.62281685248072,
						"y": 202.22800330341894,
						"width": 19.346356123215543,
						"height": 19.34635612321557,
						"originX": 0.5,
						"originY": 0.5,
						"color": [
							1,
							1,
							1,
							1
						],
						"angle": 0,
						"zElevation": 0
					}
				},
				{
					"type": "ObjetoVacioGrafica",
					"properties": {
						"initially-visible": true,
						"initial-animation": "Animation 1",
						"initial-frame": 0,
						"enable-collisions": true,
						"live-preview": false
					},
					"uid": 63,
					"sid": 137392061825660,
					"tags": "",
					"instanceVariables": {},
					"behaviors": {},
					"instanceFolderItem": {
						"sid": 137392061825660,
						"expanded": true
					},
					"showing": true,
					"locked": false,
					"world": {
						"x": 127.72428613171189,
						"y": 236.03726096550938,
						"width": 119.27122464312549,
						"height": 37.37791134485349,
						"originX": 0.5,
						"originY": 0.5,
						"color": [
							1,
							1,
							1,
							1
						],
						"angle": 0,
						"zElevation": 0
					}
				},
				{
					"type": "ObjetoVacioFuenteA",
					"properties": {
						"initially-visible": true,
						"initial-animation": "Animation 1",
						"initial-frame": 0,
						"enable-collisions": true,
						"live-preview": false
					},
					"uid": 64,
					"sid": 773941480622936,
					"tags": "",
					"instanceVariables": {},
					"behaviors": {},
					"instanceFolderItem": {
						"sid": 773941480622936,
						"expanded": true
					},
					"showing": true,
					"locked": false,
					"world": {
						"x": 131.18118008700287,
						"y": 350.1748442846881,
						"width": 126.85950413223141,
						"height": 73.96694214876027,
						"originX": 0.5,
						"originY": 0.5,
						"color": [
							1,
							1,
							1,
							1
						],
						"angle": 0,
						"zElevation": 0
					}
				},
				{
					"type": "Placa_base",
					"properties": {
						"initially-visible": true,
						"initial-animation": "Default",
						"initial-frame": 0,
						"enable-collisions": true,
						"live-preview": false
					},
					"uid": 65,
					"sid": 266961865987756,
					"tags": "",
					"instanceVariables": {},
					"behaviors": {
						"ArrastrarYSoltar": {
							"properties": {
								"axes": "both",
								"enabled": false
							}
						},
						"Pegado": {
							"properties": {
								"destroy": false
							}
						}
					},
					"instanceFolderItem": {
						"sid": 266961865987756,
						"expanded": true
					},
					"showing": true,
					"locked": false,
					"world": {
						"x": 531.5117180010991,
						"y": 188.76791229311215,
						"width": 204.2806364190492,
						"height": 219.20153283743915,
						"originX": 0.5,
						"originY": 0.5,
						"color": [
							1,
							1,
							1,
							1
						],
						"angle": 0,
						"zElevation": 0
					}
				},
				{
					"type": "cpu",
					"properties": {
						"initially-visible": true,
						"initial-animation": "Default",
						"initial-frame": 0,
						"enable-collisions": true,
						"live-preview": false
					},
					"uid": 66,
					"sid": 157010735561888,
					"tags": "",
					"instanceVariables": {},
					"behaviors": {
						"ArrastrarYSoltar": {
							"properties": {
								"axes": "both",
								"enabled": false
							}
						},
						"Pegado": {
							"properties": {
								"destroy": false
							}
						}
					},
					"instanceFolderItem": {
						"sid": 157010735561888,
						"expanded": true
					},
					"showing": true,
					"locked": false,
					"world": {
						"x": 663.1073781368898,
						"y": 140.08514375143173,
						"width": 30.05315958251076,
						"height": 35.86295892901046,
						"originX": 0.5,
						"originY": 0.5,
						"color": [
							1,
							1,
							1,
							1
						],
						"angle": 0,
						"zElevation": 0
					}
				},
				{
					"type": "cpu_cooler",
					"properties": {
						"initially-visible": true,
						"initial-animation": "Default",
						"initial-frame": 0,
						"enable-collisions": true,
						"live-preview": false
					},
					"uid": 67,
					"sid": 180568022067473,
					"tags": "",
					"instanceVariables": {},
					"behaviors": {
						"ArrastrarYSoltar": {
							"properties": {
								"axes": "both",
								"enabled": false
							}
						},
						"Pegado": {
							"properties": {
								"destroy": false
							}
						}
					},
					"instanceFolderItem": {
						"sid": 180568022067473,
						"expanded": true
					},
					"showing": true,
					"locked": false,
					"world": {
						"x": 756.5912693022503,
						"y": 341.16258865896975,
						"width": 68.87177553112099,
						"height": 72.78034987633134,
						"originX": 0.5,
						"originY": 0.5,
						"color": [
							1,
							1,
							1,
							1
						],
						"angle": 0,
						"zElevation": 0
					}
				},
				{
					"type": "ram",
					"properties": {
						"initially-visible": true,
						"initial-animation": "Default",
						"initial-frame": 0,
						"enable-collisions": true,
						"live-preview": false
					},
					"uid": 68,
					"sid": 205399104986406,
					"tags": "",
					"instanceVariables": {},
					"behaviors": {
						"ArrastrarYSoltar": {
							"properties": {
								"axes": "both",
								"enabled": false
							}
						},
						"Pegado": {
							"properties": {
								"destroy": false
							}
						}
					},
					"instanceFolderItem": {
						"sid": 205399104986406,
						"expanded": true
					},
					"showing": true,
					"locked": false,
					"world": {
						"x": 640.692437298891,
						"y": 367.72042030419584,
						"width": 90.07233431381448,
						"height": 17.061778711366784,
						"originX": 0.5,
						"originY": 0.5,
						"color": [
							1,
							1,
							1,
							1
						],
						"angle": 1.5540490345733315,
						"zElevation": 0
					}
				},
				{
					"type": "Grafica",
					"properties": {
						"initially-visible": true,
						"initial-animation": "Default",
						"initial-frame": 0,
						"enable-collisions": true,
						"live-preview": false
					},
					"uid": 69,
					"sid": 730530531844885,
					"tags": "",
					"instanceVariables": {},
					"behaviors": {
						"ArrastrarYSoltar": {
							"properties": {
								"axes": "both",
								"enabled": false
							}
						},
						"Pegado": {
							"properties": {
								"destroy": false
							}
						}
					},
					"instanceFolderItem": {
						"sid": 730530531844885,
						"expanded": true
					},
					"showing": true,
					"locked": false,
					"world": {
						"x": 536.1320508867133,
						"y": 378.84564503365664,
						"width": 125.8628264466848,
						"height": 39.11731537159643,
						"originX": 0.5,
						"originY": 0.5,
						"color": [
							1,
							1,
							1,
							1
						],
						"angle": 0,
						"zElevation": 0
					}
				},
				{
					"type": "psu",
					"properties": {
						"initially-visible": true,
						"initial-animation": "Default",
						"initial-frame": 0,
						"enable-collisions": true,
						"live-preview": false
					},
					"uid": 70,
					"sid": 561607851636290,
					"tags": "",
					"instanceVariables": {},
					"behaviors": {
						"ArrastrarYSoltar": {
							"properties": {
								"axes": "both",
								"enabled": false
							}
						},
						"Pegado": {
							"properties": {
								"destroy": false
							}
						}
					},
					"instanceFolderItem": {
						"sid": 561607851636290,
						"expanded": true
					},
					"showing": true,
					"locked": false,
					"world": {
						"x": 715.1542583066575,
						"y": 211.9436976767948,
						"width": 129.34799492101706,
						"height": 80.6661131961979,
						"originX": 0.5,
						"originY": 0.5,
						"color": [
							1,
							1,
							1,
							1
						],
						"angle": 0,
						"zElevation": 0
					}
				},
				{
					"type": "ObjetoVacioRam",
					"properties": {
						"initially-visible": true,
						"initial-animation": "Animation 1",
						"initial-frame": 0,
						"enable-collisions": true,
						"live-preview": false
					},
					"uid": 71,
					"sid": 844866170630382,
					"tags": "",
					"instanceVariables": {},
					"behaviors": {},
					"instanceFolderItem": {
						"sid": 844866170630382,
						"expanded": true
					},
					"showing": true,
					"locked": false,
					"world": {
						"x": 184.89857218088184,
						"y": 158.8532093142675,
						"width": 16.115702479338665,
						"height": 76.44628099173548,
						"originX": 0.5,
						"originY": 0.5,
						"color": [
							1,
							1,
							1,
							1
						],
						"angle": 0,
						"zElevation": 0
					}
				},
				{
					"type": "ObjetoVacioProcDisi",
					"properties": {
						"initially-visible": true,
						"initial-animation": "Animation 1",
						"initial-frame": 0,
						"enable-collisions": true,
						"live-preview": false
					},
					"uid": 72,
					"sid": 584445044364253,
					"tags": "",
					"instanceVariables": {},
					"behaviors": {},
					"instanceFolderItem": {
						"sid": 584445044364253,
						"expanded": true
					},
					"showing": true,
					"locked": false,
					"world": {
						"x": 147.70832711211904,
						"y": 163.3986226231599,
						"width": 29.338842975206603,
						"height": 37.603305785123894,
						"originX": 0.5,
						"originY": 0.5,
						"color": [
							1,
							1,
							1,
							1
						],
						"angle": 0,
						"zElevation": 0
					}
				}
			],
			"sid": 430337562950320,
			"effectTypes": [],
			"isInitiallyVisible": true,
			"isInitiallyInteractive": true,
			"isHTMLElementsLayer": false,
			"color": [
				1,
				1,
				1,
				1
			],
			"backgroundColor": [
				0.7294117647058823,
				0.6588235294117647,
				0.7607843137254902,
				1
			],
			"isTransparent": false,
			"parallaxX": 1,
			"parallaxY": 1,
			"scaleRate": 1,
			"forceOwnTexture": true,
			"renderingMode": "3d",
			"drawOrder": "z-order",
			"useRenderCells": false,
			"blendMode": "normal",
			"zElevation": 0,
			"global": false
		},
		{
			"name": "Capa 1",
			"overriden": 0,
			"subLayers": [],
			"instances": [
				{
					"type": "FondoEnMosaico",
					"properties": {
						"initially-visible": true,
						"origin": "top-left",
						"wrap-horizontal": "repeat",
						"wrap-vertical": "repeat",
						"image-offset-x": 0,
						"image-offset-y": 0,
						"image-scale-x": 1,
						"image-scale-y": 1,
						"image-angle": 0,
						"enable-tile-randomization": false,
						"x-random": 1,
						"y-random": 1,
						"angle-random": 1,
						"blend-margin-x": 0.1,
						"blend-margin-y": 0.1
					},
					"uid": 73,
					"sid": 501123654192370,
					"tags": "",
					"instanceVariables": {},
					"behaviors": {},
					"instanceFolderItem": {
						"sid": 501123654192370,
						"expanded": true
					},
					"showing": true,
					"locked": true,
					"world": {
						"x": -36.11620538879549,
						"y": -32.23139045652289,
						"width": 922.3388429751793,
						"height": 533.8842975206613,
						"originX": 0,
						"originY": 0,
						"color": [
							0.4823529411764706,
							0.1411764705882353,
							0.1411764705882353,
							0.7
						],
						"angle": 0,
						"zElevation": 0
					}
				},
				{
					"type": "Texto2",
					"properties": {
						"text": "Gracias por jugar!",
						"enable-bbcode": true,
						"font": "Century Gothic",
						"size": 40,
						"line-height": 0,
						"bold": false,
						"italic": false,
						"color": [
							1,
							1,
							1,
							1
						],
						"horizontal-alignment": "center",
						"vertical-alignment": "center",
						"wrapping": "word",
						"text-direction": "ltr",
						"icon-set": -1,
						"initially-visible": true,
						"origin": "top-left",
						"read-aloud": false
					},
					"uid": 74,
					"sid": 964863615902840,
					"tags": "",
					"instanceVariables": {},
					"behaviors": {},
					"instanceFolderItem": {
						"sid": 964863615902840,
						"expanded": true
					},
					"showing": true,
					"locked": false,
					"world": {
						"x": -0.8280975089588196,
						"y": 41.381387253438135,
						"width": 853.7190082644631,
						"height": 85.3719008264463,
						"originX": 0,
						"originY": 0,
						"color": [
							1,
							1,
							1,
							1
						],
						"angle": 6.281386567361431,
						"zElevation": 0
					}
				},
				{
					"type": "Texto2",
					"properties": {
						"text": "Pulsa el botón para volver a empezar",
						"enable-bbcode": true,
						"font": "Century Gothic",
						"size": 30,
						"line-height": 0,
						"bold": false,
						"italic": false,
						"color": [
							1,
							1,
							1,
							1
						],
						"horizontal-alignment": "center",
						"vertical-alignment": "center",
						"wrapping": "word",
						"text-direction": "ltr",
						"icon-set": -1,
						"initially-visible": true,
						"origin": "top-left",
						"read-aloud": false
					},
					"uid": 75,
					"sid": 583383012021077,
					"tags": "",
					"instanceVariables": {},
					"behaviors": {},
					"instanceFolderItem": {
						"sid": 583383012021077,
						"expanded": true
					},
					"showing": true,
					"locked": false,
					"world": {
						"x": -0.0016512279671019314,
						"y": 107.497089732777,
						"width": 853.7190082644631,
						"height": 85.3719008264463,
						"originX": 0,
						"originY": 0,
						"color": [
							1,
							1,
							1,
							1
						],
						"angle": 0,
						"zElevation": 0
					}
				},
				{
					"type": "BotonReinicio",
					"properties": {
						"initially-visible": true,
						"initial-animation": "Default",
						"initial-frame": 0,
						"enable-collisions": true,
						"live-preview": false
					},
					"uid": 76,
					"sid": 366641347686841,
					"tags": "",
					"instanceVariables": {},
					"behaviors": {},
					"instanceFolderItem": {
						"sid": 366641347686841,
						"expanded": true
					},
					"showing": true,
					"locked": false,
					"world": {
						"x": 413.09725639746176,
						"y": 313.57535494186203,
						"width": 256.19448495074903,
						"height": 237.5443117167865,
						"originX": 0.4837164750957854,
						"originY": 0.53099173553719,
						"color": [
							1,
							1,
							1,
							1
						],
						"angle": 0,
						"zElevation": 0
					}
				}
			],
			"sid": 372697248632037,
			"effectTypes": [],
			"isInitiallyVisible": true,
			"isInitiallyInteractive": true,
			"isHTMLElementsLayer": false,
			"color": [
				1,
				1,
				1,
				1
			],
			"backgroundColor": [
				0.3686274509803922,
				0.3686274509803922,
				0.3686274509803922,
				1
			],
			"isTransparent": true,
			"parallaxX": 1,
			"parallaxY": 1,
			"scaleRate": 1,
			"forceOwnTexture": false,
			"renderingMode": "3d",
			"drawOrder": "z-order",
			"useRenderCells": false,
			"blendMode": "normal",
			"zElevation": 0,
			"global": false
		}
	],
	"scene-graphs-folder-root": {
		"items": [],
		"subfolders": []
	},
	"sid": 682836248564348,
	"nonworld-instances": [],
	"effectTypes": [],
	"width": 1280,
	"height": 720,
	"unboundedScrolling": false,
	"vpX": 0.5,
	"vpY": 0.5,
	"projection": "perspective",
	"eventSheet": "Hoja de eventos 2"
}